address,allowed_members,candidate_target_population_status,evidence,excluded_members,false_positive_class,introducing_field,introducing_span,lexical_shadow_hit,lexical_shadow_rules,member_identity,obligation_id,planner_packet_contains_occurrence,population_label,population_relation_survives,record_kind,repeated_block_context,role_relation_survives,sheet_title,task,text,workbook_occurrence
C30,"[""first"", ""second"", ""third""]",DERIVED_FROM_SUBJECT_PARENT_AND_MEMBER_RUN,text anchor in compiled spine; provenance retained as scope,[],wrong_locus_or_repeated_semantic_block,scope,for all three tranches,True,"[""token_prefix""]",third,O7,False,tranche,False,occurrence,null,False,Distribution Sheet-Deal By Deal,Financial_Model:05_01,Third Tranche,cell:s02:r30:c3
B11,"[""first"", ""second"", ""third""]",DERIVED_FROM_SUBJECT_PARENT_AND_MEMBER_RUN,text anchor in compiled spine; provenance retained as scope,[],wrong_repeated_block,scope,for all three tranches,True,"[""token_prefix""]",first,O7,False,tranche,True,occurrence,"{""member_run_columns"": [2, 2], ""member_run_extent"": [11, 13], ""orientation"": ""vertical"", ""parent_context_anchor"": {""address"": ""B9"", ""cell_id"": ""cell:s04:r9:c2"", ""text"": ""Portfolio Building MoM""}, ""run_id"": ""sheet:s04:vertical:B11:B12:B13""}",False,Workings Cost Sheet,Financial_Model:05_01,First Tranche,cell:s04:r11:c2
B12,"[""first"", ""second"", ""third""]",DERIVED_FROM_SUBJECT_PARENT_AND_MEMBER_RUN,text anchor in compiled spine; provenance retained as scope,[],wrong_repeated_block,scope,for all three tranches,True,"[""token_prefix""]",second,O7,False,tranche,True,occurrence,"{""member_run_columns"": [2, 2], ""member_run_extent"": [11, 13], ""orientation"": ""vertical"", ""parent_context_anchor"": {""address"": ""B9"", ""cell_id"": ""cell:s04:r9:c2"", ""text"": ""Portfolio Building MoM""}, ""run_id"": ""sheet:s04:vertical:B11:B12:B13""}",False,Workings Cost Sheet,Financial_Model:05_01,Second Tranche,cell:s04:r12:c2
B13,"[""first"", ""second"", ""third""]",DERIVED_FROM_SUBJECT_PARENT_AND_MEMBER_RUN,text anchor in compiled spine; provenance retained as scope,[],wrong_repeated_block,scope,for all three tranches,True,"[""token_prefix""]",third,O7,False,tranche,True,occurrence,"{""member_run_columns"": [2, 2], ""member_run_extent"": [11, 13], ""orientation"": ""vertical"", ""parent_context_anchor"": {""address"": ""B9"", ""cell_id"": ""cell:s04:r9:c2"", ""text"": ""Portfolio Building MoM""}, ""run_id"": ""sheet:s04:vertical:B11:B12:B13""}",False,Workings Cost Sheet,Financial_Model:05_01,Third Tranche,cell:s04:r13:c2
B17,"[""first"", ""second"", ""third""]",DERIVED_FROM_SUBJECT_PARENT_AND_MEMBER_RUN,text anchor in compiled spine; provenance retained as scope,[],wrong_repeated_block,scope,for all three tranches,True,"[""token_prefix""]",first,O7,False,tranche,True,occurrence,"{""member_run_columns"": [2, 2], ""member_run_extent"": [17, 19], ""orientation"": ""vertical"", ""parent_context_anchor"": {""address"": ""B15"", ""cell_id"": ""cell:s04:r15:c2"", ""text"": ""Portfolio Building Cumulative""}, ""run_id"": ""sheet:s04:vertical:B17:B18:B19""}",False,Workings Cost Sheet,Financial_Model:05_01,First Tranche,cell:s04:r17:c2
B18,"[""first"", ""second"", ""third""]",DERIVED_FROM_SUBJECT_PARENT_AND_MEMBER_RUN,text anchor in compiled spine; provenance retained as scope,[],wrong_repeated_block,scope,for all three tranches,True,"[""token_prefix""]",second,O7,False,tranche,True,occurrence,"{""member_run_columns"": [2, 2], ""member_run_extent"": [17, 19], ""orientation"": ""vertical"", ""parent_context_anchor"": {""address"": ""B15"", ""cell_id"": ""cell:s04:r15:c2"", ""text"": ""Portfolio Building Cumulative""}, ""run_id"": ""sheet:s04:vertical:B17:B18:B19""}",False,Workings Cost Sheet,Financial_Model:05_01,Second Tranche,cell:s04:r18:c2
B19,"[""first"", ""second"", ""third""]",DERIVED_FROM_SUBJECT_PARENT_AND_MEMBER_RUN,text anchor in compiled spine; provenance retained as scope,[],wrong_repeated_block,scope,for all three tranches,True,"[""token_prefix""]",third,O7,False,tranche,True,occurrence,"{""member_run_columns"": [2, 2], ""member_run_extent"": [17, 19], ""orientation"": ""vertical"", ""parent_context_anchor"": {""address"": ""B15"", ""cell_id"": ""cell:s04:r15:c2"", ""text"": ""Portfolio Building Cumulative""}, ""run_id"": ""sheet:s04:vertical:B17:B18:B19""}",False,Workings Cost Sheet,Financial_Model:05_01,Third Tranche,cell:s04:r19:c2
B23,"[""first"", ""second"", ""third""]",DERIVED_FROM_SUBJECT_PARENT_AND_MEMBER_RUN,text anchor in compiled spine; provenance retained as scope,[],wrong_repeated_block,scope,for all three tranches,True,"[""token_prefix""]",first,O7,False,tranche,True,occurrence,"{""member_run_columns"": [2, 2], ""member_run_extent"": [23, 25], ""orientation"": ""vertical"", ""parent_context_anchor"": {""address"": ""B21"", ""cell_id"": ""cell:s04:r21:c2"", ""text"": ""Ticket Size per Portfolio""}, ""run_id"": ""sheet:s04:vertical:B23:B24:B25""}",False,Workings Cost Sheet,Financial_Model:05_01,First Tranche,cell:s04:r23:c2
B24,"[""first"", ""second"", ""third""]",DERIVED_FROM_SUBJECT_PARENT_AND_MEMBER_RUN,text anchor in compiled spine; provenance retained as scope,[],wrong_repeated_block,scope,for all three tranches,True,"[""token_prefix""]",second,O7,False,tranche,True,occurrence,"{""member_run_columns"": [2, 2], ""member_run_extent"": [23, 25], ""orientation"": ""vertical"", ""parent_context_anchor"": {""address"": ""B21"", ""cell_id"": ""cell:s04:r21:c2"", ""text"": ""Ticket Size per Portfolio""}, ""run_id"": ""sheet:s04:vertical:B23:B24:B25""}",False,Workings Cost Sheet,Financial_Model:05_01,Second Tranche,cell:s04:r24:c2
B25,"[""first"", ""second"", ""third""]",DERIVED_FROM_SUBJECT_PARENT_AND_MEMBER_RUN,text anchor in compiled spine; provenance retained as scope,[],wrong_repeated_block,scope,for all three tranches,True,"[""token_prefix""]",third,O7,False,tranche,True,occurrence,"{""member_run_columns"": [2, 2], ""member_run_extent"": [23, 25], ""orientation"": ""vertical"", ""parent_context_anchor"": {""address"": ""B21"", ""cell_id"": ""cell:s04:r21:c2"", ""text"": ""Ticket Size per Portfolio""}, ""run_id"": ""sheet:s04:vertical:B23:B24:B25""}",False,Workings Cost Sheet,Financial_Model:05_01,Third Tranche,cell:s04:r25:c2
B29,"[""first"", ""second"", ""third""]",DERIVED_FROM_SUBJECT_PARENT_AND_MEMBER_RUN,text anchor in compiled spine; provenance retained as scope,[],,scope,for all three tranches,True,"[""token_prefix""]",first,O7,False,tranche,True,occurrence,"{""member_run_columns"": [2, 2], ""member_run_extent"": [29, 31], ""orientation"": ""vertical"", ""parent_context_anchor"": {""address"": ""B27"", ""cell_id"": ""cell:s04:r27:c2"", ""text"": ""Total Fund Raised""}, ""run_id"": ""sheet:s04:vertical:B29:B30:B31""}",True,Workings Cost Sheet,Financial_Model:05_01,First Tranche,cell:s04:r29:c2
B30,"[""first"", ""second"", ""third""]",DERIVED_FROM_SUBJECT_PARENT_AND_MEMBER_RUN,text anchor in compiled spine; provenance retained as scope,[],,scope,for all three tranches,True,"[""token_prefix""]",second,O7,False,tranche,True,occurrence,"{""member_run_columns"": [2, 2], ""member_run_extent"": [29, 31], ""orientation"": ""vertical"", ""parent_context_anchor"": {""address"": ""B27"", ""cell_id"": ""cell:s04:r27:c2"", ""text"": ""Total Fund Raised""}, ""run_id"": ""sheet:s04:vertical:B29:B30:B31""}",True,Workings Cost Sheet,Financial_Model:05_01,Second Tranche,cell:s04:r30:c2
B31,"[""first"", ""second"", ""third""]",DERIVED_FROM_SUBJECT_PARENT_AND_MEMBER_RUN,text anchor in compiled spine; provenance retained as scope,[],,scope,for all three tranches,True,"[""token_prefix""]",third,O7,False,tranche,True,occurrence,"{""member_run_columns"": [2, 2], ""member_run_extent"": [29, 31], ""orientation"": ""vertical"", ""parent_context_anchor"": {""address"": ""B27"", ""cell_id"": ""cell:s04:r27:c2"", ""text"": ""Total Fund Raised""}, ""run_id"": ""sheet:s04:vertical:B29:B30:B31""}",True,Workings Cost Sheet,Financial_Model:05_01,Third Tranche,cell:s04:r31:c2
F1,"[""first"", ""second"", ""third""]",DERIVED_FROM_SUBJECT_PARENT_AND_MEMBER_RUN,text anchor in compiled spine; provenance retained as scope,[],wrong_locus_or_repeated_semantic_block,scope,for all three tranches,True,"[""token_prefix""]",,O7,False,tranche,False,occurrence,null,False,PreOp Cost,Financial_Model:05_01,Transfer from,cell:s11:r1:c6
,"[""first"", ""second"", ""third""]",DERIVED_FROM_SUBJECT_PARENT_AND_MEMBER_RUN,"{""archived_authority_contains_target"": false, ""archived_packet_target"": false, ""relation_candidate"": true}",[],,scope,for all three tranches,,,,O7,False,tranche,True,gold_target,,True,,Financial_Model:05_01,,Workings Cost Sheet!AA29
,"[""first"", ""second"", ""third""]",DERIVED_FROM_SUBJECT_PARENT_AND_MEMBER_RUN,"{""archived_authority_contains_target"": false, ""archived_packet_target"": false, ""relation_candidate"": true}",[],,scope,for all three tranches,,,,O7,False,tranche,True,gold_target,,True,,Financial_Model:05_01,,Workings Cost Sheet!AA30
,"[""first"", ""second"", ""third""]",DERIVED_FROM_SUBJECT_PARENT_AND_MEMBER_RUN,"{""archived_authority_contains_target"": false, ""archived_packet_target"": false, ""relation_candidate"": true}",[],,scope,for all three tranches,,,,O7,False,tranche,True,gold_target,,True,,Financial_Model:05_01,,Workings Cost Sheet!AA31
,"[""first"", ""second"", ""third""]",DERIVED_FROM_SUBJECT_PARENT_AND_MEMBER_RUN,"{""archived_authority_contains_target"": false, ""archived_packet_target"": false, ""relation_candidate"": true}",[],,scope,for all three tranches,,,,O7,False,tranche,True,gold_target,,True,,Financial_Model:05_01,,Workings Cost Sheet!AB29
,"[""first"", ""second"", ""third""]",DERIVED_FROM_SUBJECT_PARENT_AND_MEMBER_RUN,"{""archived_authority_contains_target"": false, ""archived_packet_target"": false, ""relation_candidate"": true}",[],,scope,for all three tranches,,,,O7,False,tranche,True,gold_target,,True,,Financial_Model:05_01,,Workings Cost Sheet!AB30
,"[""first"", ""second"", ""third""]",DERIVED_FROM_SUBJECT_PARENT_AND_MEMBER_RUN,"{""archived_authority_contains_target"": false, ""archived_packet_target"": false, ""relation_candidate"": true}",[],,scope,for all three tranches,,,,O7,False,tranche,True,gold_target,,True,,Financial_Model:05_01,,Workings Cost Sheet!AB31
,"[""first"", ""second"", ""third""]",DERIVED_FROM_SUBJECT_PARENT_AND_MEMBER_RUN,"{""archived_authority_contains_target"": false, ""archived_packet_target"": false, ""relation_candidate"": true}",[],,scope,for all three tranches,,,,O7,False,tranche,True,gold_target,,True,,Financial_Model:05_01,,Workings Cost Sheet!AC29
,"[""first"", ""second"", ""third""]",DERIVED_FROM_SUBJECT_PARENT_AND_MEMBER_RUN,"{""archived_authority_contains_target"": false, ""archived_packet_target"": false, ""relation_candidate"": true}",[],,scope,for all three tranches,,,,O7,False,tranche,True,gold_target,,True,,Financial_Model:05_01,,Workings Cost Sheet!AC30
,"[""first"", ""second"", ""third""]",DERIVED_FROM_SUBJECT_PARENT_AND_MEMBER_RUN,"{""archived_authority_contains_target"": false, ""archived_packet_target"": false, ""relation_candidate"": true}",[],,scope,for all three tranches,,,,O7,False,tranche,True,gold_target,,True,,Financial_Model:05_01,,Workings Cost Sheet!AC31
,"[""first"", ""second"", ""third""]",DERIVED_FROM_SUBJECT_PARENT_AND_MEMBER_RUN,"{""archived_authority_contains_target"": false, ""archived_packet_target"": false, ""relation_candidate"": true}",[],,scope,for all three tranches,,,,O7,False,tranche,True,gold_target,,True,,Financial_Model:05_01,,Workings Cost Sheet!AD29
,"[""first"", ""second"", ""third""]",DERIVED_FROM_SUBJECT_PARENT_AND_MEMBER_RUN,"{""archived_authority_contains_target"": false, ""archived_packet_target"": false, ""relation_candidate"": true}",[],,scope,for all three tranches,,,,O7,False,tranche,True,gold_target,,True,,Financial_Model:05_01,,Workings Cost Sheet!AD30
,"[""first"", ""second"", ""third""]",DERIVED_FROM_SUBJECT_PARENT_AND_MEMBER_RUN,"{""archived_authority_contains_target"": false, ""archived_packet_target"": false, ""relation_candidate"": true}",[],,scope,for all three tranches,,,,O7,False,tranche,True,gold_target,,True,,Financial_Model:05_01,,Workings Cost Sheet!AD31
,"[""first"", ""second"", ""third""]",DERIVED_FROM_SUBJECT_PARENT_AND_MEMBER_RUN,"{""archived_authority_contains_target"": false, ""archived_packet_target"": false, ""relation_candidate"": true}",[],,scope,for all three tranches,,,,O7,False,tranche,True,gold_target,,True,,Financial_Model:05_01,,Workings Cost Sheet!AE29
,"[""first"", ""second"", ""third""]",DERIVED_FROM_SUBJECT_PARENT_AND_MEMBER_RUN,"{""archived_authority_contains_target"": false, ""archived_packet_target"": false, ""relation_candidate"": true}",[],,scope,for all three tranches,,,,O7,False,tranche,True,gold_target,,True,,Financial_Model:05_01,,Workings Cost Sheet!AE30
,"[""first"", ""second"", ""third""]",DERIVED_FROM_SUBJECT_PARENT_AND_MEMBER_RUN,"{""archived_authority_contains_target"": false, ""archived_packet_target"": false, ""relation_candidate"": true}",[],,scope,for all three tranches,,,,O7,False,tranche,True,gold_target,,True,,Financial_Model:05_01,,Workings Cost Sheet!AE31
,"[""first"", ""second"", ""third""]",DERIVED_FROM_SUBJECT_PARENT_AND_MEMBER_RUN,"{""archived_authority_contains_target"": false, ""archived_packet_target"": false, ""relation_candidate"": true}",[],,scope,for all three tranches,,,,O7,False,tranche,True,gold_target,,True,,Financial_Model:05_01,,Workings Cost Sheet!AF29
,"[""first"", ""second"", ""third""]",DERIVED_FROM_SUBJECT_PARENT_AND_MEMBER_RUN,"{""archived_authority_contains_target"": false, ""archived_packet_target"": false, ""relation_candidate"": true}",[],,scope,for all three tranches,,,,O7,False,tranche,True,gold_target,,True,,Financial_Model:05_01,,Workings Cost Sheet!AF30
,"[""first"", ""second"", ""third""]",DERIVED_FROM_SUBJECT_PARENT_AND_MEMBER_RUN,"{""archived_authority_contains_target"": false, ""archived_packet_target"": false, ""relation_candidate"": true}",[],,scope,for all three tranches,,,,O7,False,tranche,True,gold_target,,True,,Financial_Model:05_01,,Workings Cost Sheet!AF31
,"[""first"", ""second"", ""third""]",DERIVED_FROM_SUBJECT_PARENT_AND_MEMBER_RUN,"{""archived_authority_contains_target"": false, ""archived_packet_target"": false, ""relation_candidate"": true}",[],,scope,for all three tranches,,,,O7,False,tranche,True,gold_target,,True,,Financial_Model:05_01,,Workings Cost Sheet!AG29
,"[""first"", ""second"", ""third""]",DERIVED_FROM_SUBJECT_PARENT_AND_MEMBER_RUN,"{""archived_authority_contains_target"": false, ""archived_packet_target"": false, ""relation_candidate"": true}",[],,scope,for all three tranches,,,,O7,False,tranche,True,gold_target,,True,,Financial_Model:05_01,,Workings Cost Sheet!AG30
,"[""first"", ""second"", ""third""]",DERIVED_FROM_SUBJECT_PARENT_AND_MEMBER_RUN,"{""archived_authority_contains_target"": false, ""archived_packet_target"": false, ""relation_candidate"": true}",[],,scope,for all three tranches,,,,O7,False,tranche,True,gold_target,,True,,Financial_Model:05_01,,Workings Cost Sheet!AG31
,"[""first"", ""second"", ""third""]",DERIVED_FROM_SUBJECT_PARENT_AND_MEMBER_RUN,"{""archived_authority_contains_target"": false, ""archived_packet_target"": false, ""relation_candidate"": true}",[],,scope,for all three tranches,,,,O7,False,tranche,True,gold_target,,True,,Financial_Model:05_01,,Workings Cost Sheet!AH29
,"[""first"", ""second"", ""third""]",DERIVED_FROM_SUBJECT_PARENT_AND_MEMBER_RUN,"{""archived_authority_contains_target"": false, ""archived_packet_target"": false, ""relation_candidate"": true}",[],,scope,for all three tranches,,,,O7,False,tranche,True,gold_target,,True,,Financial_Model:05_01,,Workings Cost Sheet!AH30
,"[""first"", ""second"", ""third""]",DERIVED_FROM_SUBJECT_PARENT_AND_MEMBER_RUN,"{""archived_authority_contains_target"": false, ""archived_packet_target"": false, ""relation_candidate"": true}",[],,scope,for all three tranches,,,,O7,False,tranche,True,gold_target,,True,,Financial_Model:05_01,,Workings Cost Sheet!AH31
,"[""first"", ""second"", ""third""]",DERIVED_FROM_SUBJECT_PARENT_AND_MEMBER_RUN,"{""archived_authority_contains_target"": false, ""archived_packet_target"": false, ""relation_candidate"": true}",[],,scope,for all three tranches,,,,O7,False,tranche,True,gold_target,,True,,Financial_Model:05_01,,Workings Cost Sheet!AI29
,"[""first"", ""second"", ""third""]",DERIVED_FROM_SUBJECT_PARENT_AND_MEMBER_RUN,"{""archived_authority_contains_target"": false, ""archived_packet_target"": false, ""relation_candidate"": true}",[],,scope,for all three tranches,,,,O7,False,tranche,True,gold_target,,True,,Financial_Model:05_01,,Workings Cost Sheet!AI30
,"[""first"", ""second"", ""third""]",DERIVED_FROM_SUBJECT_PARENT_AND_MEMBER_RUN,"{""archived_authority_contains_target"": false, ""archived_packet_target"": false, ""relation_candidate"": true}",[],,scope,for all three tranches,,,,O7,False,tranche,True,gold_target,,True,,Financial_Model:05_01,,Workings Cost Sheet!AI31
,"[""first"", ""second"", ""third""]",DERIVED_FROM_SUBJECT_PARENT_AND_MEMBER_RUN,"{""archived_authority_contains_target"": false, ""archived_packet_target"": false, ""relation_candidate"": true}",[],,scope,for all three tranches,,,,O7,False,tranche,True,gold_target,,True,,Financial_Model:05_01,,Workings Cost Sheet!AJ29
,"[""first"", ""second"", ""third""]",DERIVED_FROM_SUBJECT_PARENT_AND_MEMBER_RUN,"{""archived_authority_contains_target"": false, ""archived_packet_target"": false, ""relation_candidate"": true}",[],,scope,for all three tranches,,,,O7,False,tranche,True,gold_target,,True,,Financial_Model:05_01,,Workings Cost Sheet!AJ30
,"[""first"", ""second"", ""third""]",DERIVED_FROM_SUBJECT_PARENT_AND_MEMBER_RUN,"{""archived_authority_contains_target"": false, ""archived_packet_target"": false, ""relation_candidate"": true}",[],,scope,for all three tranches,,,,O7,False,tranche,True,gold_target,,True,,Financial_Model:05_01,,Workings Cost Sheet!AJ31
,"[""first"", ""second"", ""third""]",DERIVED_FROM_SUBJECT_PARENT_AND_MEMBER_RUN,"{""archived_authority_contains_target"": false, ""archived_packet_target"": false, ""relation_candidate"": true}",[],,scope,for all three tranches,,,,O7,False,tranche,True,gold_target,,True,,Financial_Model:05_01,,Workings Cost Sheet!AK29
,"[""first"", ""second"", ""third""]",DERIVED_FROM_SUBJECT_PARENT_AND_MEMBER_RUN,"{""archived_authority_contains_target"": false, ""archived_packet_target"": false, ""relation_candidate"": true}",[],,scope,for all three tranches,,,,O7,False,tranche,True,gold_target,,True,,Financial_Model:05_01,,Workings Cost Sheet!AK30
,"[""first"", ""second"", ""third""]",DERIVED_FROM_SUBJECT_PARENT_AND_MEMBER_RUN,"{""archived_authority_contains_target"": false, ""archived_packet_target"": false, ""relation_candidate"": true}",[],,scope,for all three tranches,,,,O7,False,tranche,True,gold_target,,True,,Financial_Model:05_01,,Workings Cost Sheet!AK31
,"[""first"", ""second"", ""third""]",DERIVED_FROM_SUBJECT_PARENT_AND_MEMBER_RUN,"{""archived_authority_contains_target"": false, ""archived_packet_target"": false, ""relation_candidate"": true}",[],,scope,for all three tranches,,,,O7,False,tranche,True,gold_target,,True,,Financial_Model:05_01,,Workings Cost Sheet!AL29
,"[""first"", ""second"", ""third""]",DERIVED_FROM_SUBJECT_PARENT_AND_MEMBER_RUN,"{""archived_authority_contains_target"": false, ""archived_packet_target"": false, ""relation_candidate"": true}",[],,scope,for all three tranches,,,,O7,False,tranche,True,gold_target,,True,,Financial_Model:05_01,,Workings Cost Sheet!AL30
,"[""first"", ""second"", ""third""]",DERIVED_FROM_SUBJECT_PARENT_AND_MEMBER_RUN,"{""archived_authority_contains_target"": false, ""archived_packet_target"": false, ""relation_candidate"": true}",[],,scope,for all three tranches,,,,O7,False,tranche,True,gold_target,,True,,Financial_Model:05_01,,Workings Cost Sheet!AL31
,"[""first"", ""second"", ""third""]",DERIVED_FROM_SUBJECT_PARENT_AND_MEMBER_RUN,"{""archived_authority_contains_target"": false, ""archived_packet_target"": false, ""relation_candidate"": true}",[],,scope,for all three tranches,,,,O7,False,tranche,True,gold_target,,True,,Financial_Model:05_01,,Workings Cost Sheet!AM29
,"[""first"", ""second"", ""third""]",DERIVED_FROM_SUBJECT_PARENT_AND_MEMBER_RUN,"{""archived_authority_contains_target"": false, ""archived_packet_target"": false, ""relation_candidate"": true}",[],,scope,for all three tranches,,,,O7,False,tranche,True,gold_target,,True,,Financial_Model:05_01,,Workings Cost Sheet!AM30
,"[""first"", ""second"", ""third""]",DERIVED_FROM_SUBJECT_PARENT_AND_MEMBER_RUN,"{""archived_authority_contains_target"": false, ""archived_packet_target"": false, ""relation_candidate"": true}",[],,scope,for all three tranches,,,,O7,False,tranche,True,gold_target,,True,,Financial_Model:05_01,,Workings Cost Sheet!AM31
,"[""first"", ""second"", ""third""]",DERIVED_FROM_SUBJECT_PARENT_AND_MEMBER_RUN,"{""archived_authority_contains_target"": false, ""archived_packet_target"": false, ""relation_candidate"": true}",[],,scope,for all three tranches,,,,O7,False,tranche,True,gold_target,,True,,Financial_Model:05_01,,Workings Cost Sheet!AN29
,"[""first"", ""second"", ""third""]",DERIVED_FROM_SUBJECT_PARENT_AND_MEMBER_RUN,"{""archived_authority_contains_target"": false, ""archived_packet_target"": false, ""relation_candidate"": true}",[],,scope,for all three tranches,,,,O7,False,tranche,True,gold_target,,True,,Financial_Model:05_01,,Workings Cost Sheet!AN30
,"[""first"", ""second"", ""third""]",DERIVED_FROM_SUBJECT_PARENT_AND_MEMBER_RUN,"{""archived_authority_contains_target"": false, ""archived_packet_target"": false, ""relation_candidate"": true}",[],,scope,for all three tranches,,,,O7,False,tranche,True,gold_target,,True,,Financial_Model:05_01,,Workings Cost Sheet!AN31
,"[""first"", ""second"", ""third""]",DERIVED_FROM_SUBJECT_PARENT_AND_MEMBER_RUN,"{""archived_authority_contains_target"": false, ""archived_packet_target"": false, ""relation_candidate"": true}",[],,scope,for all three tranches,,,,O7,False,tranche,True,gold_target,,True,,Financial_Model:05_01,,Workings Cost Sheet!AO29
,"[""first"", ""second"", ""third""]",DERIVED_FROM_SUBJECT_PARENT_AND_MEMBER_RUN,"{""archived_authority_contains_target"": false, ""archived_packet_target"": false, ""relation_candidate"": true}",[],,scope,for all three tranches,,,,O7,False,tranche,True,gold_target,,True,,Financial_Model:05_01,,Workings Cost Sheet!AO30
,"[""first"", ""second"", ""third""]",DERIVED_FROM_SUBJECT_PARENT_AND_MEMBER_RUN,"{""archived_authority_contains_target"": false, ""archived_packet_target"": false, ""relation_candidate"": true}",[],,scope,for all three tranches,,,,O7,False,tranche,True,gold_target,,True,,Financial_Model:05_01,,Workings Cost Sheet!AO31
,"[""first"", ""second"", ""third""]",DERIVED_FROM_SUBJECT_PARENT_AND_MEMBER_RUN,"{""archived_authority_contains_target"": false, ""archived_packet_target"": false, ""relation_candidate"": true}",[],,scope,for all three tranches,,,,O7,False,tranche,True,gold_target,,True,,Financial_Model:05_01,,Workings Cost Sheet!AP29
,"[""first"", ""second"", ""third""]",DERIVED_FROM_SUBJECT_PARENT_AND_MEMBER_RUN,"{""archived_authority_contains_target"": false, ""archived_packet_target"": false, ""relation_candidate"": true}",[],,scope,for all three tranches,,,,O7,False,tranche,True,gold_target,,True,,Financial_Model:05_01,,Workings Cost Sheet!AP30
,"[""first"", ""second"", ""third""]",DERIVED_FROM_SUBJECT_PARENT_AND_MEMBER_RUN,"{""archived_authority_contains_target"": false, ""archived_packet_target"": false, ""relation_candidate"": true}",[],,scope,for all three tranches,,,,O7,False,tranche,True,gold_target,,True,,Financial_Model:05_01,,Workings Cost Sheet!AP31
,"[""first"", ""second"", ""third""]",DERIVED_FROM_SUBJECT_PARENT_AND_MEMBER_RUN,"{""archived_authority_contains_target"": false, ""archived_packet_target"": false, ""relation_candidate"": true}",[],,scope,for all three tranches,,,,O7,False,tranche,True,gold_target,,True,,Financial_Model:05_01,,Workings Cost Sheet!AQ29
,"[""first"", ""second"", ""third""]",DERIVED_FROM_SUBJECT_PARENT_AND_MEMBER_RUN,"{""archived_authority_contains_target"": false, ""archived_packet_target"": false, ""relation_candidate"": true}",[],,scope,for all three tranches,,,,O7,False,tranche,True,gold_target,,True,,Financial_Model:05_01,,Workings Cost Sheet!AQ30
,"[""first"", ""second"", ""third""]",DERIVED_FROM_SUBJECT_PARENT_AND_MEMBER_RUN,"{""archived_authority_contains_target"": false, ""archived_packet_target"": false, ""relation_candidate"": true}",[],,scope,for all three tranches,,,,O7,False,tranche,True,gold_target,,True,,Financial_Model:05_01,,Workings Cost Sheet!AQ31
,"[""first"", ""second"", ""third""]",DERIVED_FROM_SUBJECT_PARENT_AND_MEMBER_RUN,"{""archived_authority_contains_target"": false, ""archived_packet_target"": false, ""relation_candidate"": true}",[],,scope,for all three tranches,,,,O7,False,tranche,True,gold_target,,True,,Financial_Model:05_01,,Workings Cost Sheet!AR29
,"[""first"", ""second"", ""third""]",DERIVED_FROM_SUBJECT_PARENT_AND_MEMBER_RUN,"{""archived_authority_contains_target"": false, ""archived_packet_target"": false, ""relation_candidate"": true}",[],,scope,for all three tranches,,,,O7,False,tranche,True,gold_target,,True,,Financial_Model:05_01,,Workings Cost Sheet!AR30
,"[""first"", ""second"", ""third""]",DERIVED_FROM_SUBJECT_PARENT_AND_MEMBER_RUN,"{""archived_authority_contains_target"": false, ""archived_packet_target"": false, ""relation_candidate"": true}",[],,scope,for all three tranches,,,,O7,False,tranche,True,gold_target,,True,,Financial_Model:05_01,,Workings Cost Sheet!AR31
,"[""first"", ""second"", ""third""]",DERIVED_FROM_SUBJECT_PARENT_AND_MEMBER_RUN,"{""archived_authority_contains_target"": false, ""archived_packet_target"": false, ""relation_candidate"": true}",[],,scope,for all three tranches,,,,O7,False,tranche,True,gold_target,,True,,Financial_Model:05_01,,Workings Cost Sheet!AS29
,"[""first"", ""second"", ""third""]",DERIVED_FROM_SUBJECT_PARENT_AND_MEMBER_RUN,"{""archived_authority_contains_target"": false, ""archived_packet_target"": false, ""relation_candidate"": true}",[],,scope,for all three tranches,,,,O7,False,tranche,True,gold_target,,True,,Financial_Model:05_01,,Workings Cost Sheet!AS30
,"[""first"", ""second"", ""third""]",DERIVED_FROM_SUBJECT_PARENT_AND_MEMBER_RUN,"{""archived_authority_contains_target"": false, ""archived_packet_target"": false, ""relation_candidate"": true}",[],,scope,for all three tranches,,,,O7,False,tranche,True,gold_target,,True,,Financial_Model:05_01,,Workings Cost Sheet!AS31
,"[""first"", ""second"", ""third""]",DERIVED_FROM_SUBJECT_PARENT_AND_MEMBER_RUN,"{""archived_authority_contains_target"": false, ""archived_packet_target"": false, ""relation_candidate"": true}",[],,scope,for all three tranches,,,,O7,False,tranche,True,gold_target,,True,,Financial_Model:05_01,,Workings Cost Sheet!AT29
,"[""first"", ""second"", ""third""]",DERIVED_FROM_SUBJECT_PARENT_AND_MEMBER_RUN,"{""archived_authority_contains_target"": false, ""archived_packet_target"": false, ""relation_candidate"": true}",[],,scope,for all three tranches,,,,O7,False,tranche,True,gold_target,,True,,Financial_Model:05_01,,Workings Cost Sheet!AT30
,"[""first"", ""second"", ""third""]",DERIVED_FROM_SUBJECT_PARENT_AND_MEMBER_RUN,"{""archived_authority_contains_target"": false, ""archived_packet_target"": false, ""relation_candidate"": true}",[],,scope,for all three tranches,,,,O7,False,tranche,True,gold_target,,True,,Financial_Model:05_01,,Workings Cost Sheet!AT31
,"[""first"", ""second"", ""third""]",DERIVED_FROM_SUBJECT_PARENT_AND_MEMBER_RUN,"{""archived_authority_contains_target"": false, ""archived_packet_target"": false, ""relation_candidate"": true}",[],,scope,for all three tranches,,,,O7,False,tranche,True,gold_target,,True,,Financial_Model:05_01,,Workings Cost Sheet!AU29
,"[""first"", ""second"", ""third""]",DERIVED_FROM_SUBJECT_PARENT_AND_MEMBER_RUN,"{""archived_authority_contains_target"": false, ""archived_packet_target"": false, ""relation_candidate"": true}",[],,scope,for all three tranches,,,,O7,False,tranche,True,gold_target,,True,,Financial_Model:05_01,,Workings Cost Sheet!AU30
,"[""first"", ""second"", ""third""]",DERIVED_FROM_SUBJECT_PARENT_AND_MEMBER_RUN,"{""archived_authority_contains_target"": false, ""archived_packet_target"": false, ""relation_candidate"": true}",[],,scope,for all three tranches,,,,O7,False,tranche,True,gold_target,,True,,Financial_Model:05_01,,Workings Cost Sheet!AU31
,"[""first"", ""second"", ""third""]",DERIVED_FROM_SUBJECT_PARENT_AND_MEMBER_RUN,"{""archived_authority_contains_target"": false, ""archived_packet_target"": false, ""relation_candidate"": true}",[],,scope,for all three tranches,,,,O7,False,tranche,True,gold_target,,True,,Financial_Model:05_01,,Workings Cost Sheet!AV29
,"[""first"", ""second"", ""third""]",DERIVED_FROM_SUBJECT_PARENT_AND_MEMBER_RUN,"{""archived_authority_contains_target"": false, ""archived_packet_target"": false, ""relation_candidate"": true}",[],,scope,for all three tranches,,,,O7,False,tranche,True,gold_target,,True,,Financial_Model:05_01,,Workings Cost Sheet!AV30
,"[""first"", ""second"", ""third""]",DERIVED_FROM_SUBJECT_PARENT_AND_MEMBER_RUN,"{""archived_authority_contains_target"": false, ""archived_packet_target"": false, ""relation_candidate"": true}",[],,scope,for all three tranches,,,,O7,False,tranche,True,gold_target,,True,,Financial_Model:05_01,,Workings Cost Sheet!AV31
,"[""first"", ""second"", ""third""]",DERIVED_FROM_SUBJECT_PARENT_AND_MEMBER_RUN,"{""archived_authority_contains_target"": false, ""archived_packet_target"": false, ""relation_candidate"": true}",[],,scope,for all three tranches,,,,O7,False,tranche,True,gold_target,,True,,Financial_Model:05_01,,Workings Cost Sheet!AW29
,"[""first"", ""second"", ""third""]",DERIVED_FROM_SUBJECT_PARENT_AND_MEMBER_RUN,"{""archived_authority_contains_target"": false, ""archived_packet_target"": false, ""relation_candidate"": true}",[],,scope,for all three tranches,,,,O7,False,tranche,True,gold_target,,True,,Financial_Model:05_01,,Workings Cost Sheet!AW30
,"[""first"", ""second"", ""third""]",DERIVED_FROM_SUBJECT_PARENT_AND_MEMBER_RUN,"{""archived_authority_contains_target"": false, ""archived_packet_target"": false, ""relation_candidate"": true}",[],,scope,for all three tranches,,,,O7,False,tranche,True,gold_target,,True,,Financial_Model:05_01,,Workings Cost Sheet!AW31
,"[""first"", ""second"", ""third""]",DERIVED_FROM_SUBJECT_PARENT_AND_MEMBER_RUN,"{""archived_authority_contains_target"": false, ""archived_packet_target"": false, ""relation_candidate"": true}",[],,scope,for all three tranches,,,,O7,False,tranche,True,gold_target,,True,,Financial_Model:05_01,,Workings Cost Sheet!AX29
,"[""first"", ""second"", ""third""]",DERIVED_FROM_SUBJECT_PARENT_AND_MEMBER_RUN,"{""archived_authority_contains_target"": false, ""archived_packet_target"": false, ""relation_candidate"": true}",[],,scope,for all three tranches,,,,O7,False,tranche,True,gold_target,,True,,Financial_Model:05_01,,Workings Cost Sheet!AX30
,"[""first"", ""second"", ""third""]",DERIVED_FROM_SUBJECT_PARENT_AND_MEMBER_RUN,"{""archived_authority_contains_target"": false, ""archived_packet_target"": false, ""relation_candidate"": true}",[],,scope,for all three tranches,,,,O7,False,tranche,True,gold_target,,True,,Financial_Model:05_01,,Workings Cost Sheet!AX31
,"[""first"", ""second"", ""third""]",DERIVED_FROM_SUBJECT_PARENT_AND_MEMBER_RUN,"{""archived_authority_contains_target"": false, ""archived_packet_target"": false, ""relation_candidate"": true}",[],,scope,for all three tranches,,,,O7,False,tranche,True,gold_target,,True,,Financial_Model:05_01,,Workings Cost Sheet!AY29
,"[""first"", ""second"", ""third""]",DERIVED_FROM_SUBJECT_PARENT_AND_MEMBER_RUN,"{""archived_authority_contains_target"": false, ""archived_packet_target"": false, ""relation_candidate"": true}",[],,scope,for all three tranches,,,,O7,False,tranche,True,gold_target,,True,,Financial_Model:05_01,,Workings Cost Sheet!AY30
,"[""first"", ""second"", ""third""]",DERIVED_FROM_SUBJECT_PARENT_AND_MEMBER_RUN,"{""archived_authority_contains_target"": false, ""archived_packet_target"": false, ""relation_candidate"": true}",[],,scope,for all three tranches,,,,O7,False,tranche,True,gold_target,,True,,Financial_Model:05_01,,Workings Cost Sheet!AY31
,"[""first"", ""second"", ""third""]",DERIVED_FROM_SUBJECT_PARENT_AND_MEMBER_RUN,"{""archived_authority_contains_target"": false, ""archived_packet_target"": false, ""relation_candidate"": true}",[],,scope,for all three tranches,,,,O7,False,tranche,True,gold_target,,True,,Financial_Model:05_01,,Workings Cost Sheet!AZ29
,"[""first"", ""second"", ""third""]",DERIVED_FROM_SUBJECT_PARENT_AND_MEMBER_RUN,"{""archived_authority_contains_target"": false, ""archived_packet_target"": false, ""relation_candidate"": true}",[],,scope,for all three tranches,,,,O7,False,tranche,True,gold_target,,True,,Financial_Model:05_01,,Workings Cost Sheet!AZ30
,"[""first"", ""second"", ""third""]",DERIVED_FROM_SUBJECT_PARENT_AND_MEMBER_RUN,"{""archived_authority_contains_target"": false, ""archived_packet_target"": false, ""relation_candidate"": true}",[],,scope,for all three tranches,,,,O7,False,tranche,True,gold_target,,True,,Financial_Model:05_01,,Workings Cost Sheet!AZ31
,"[""first"", ""second"", ""third""]",DERIVED_FROM_SUBJECT_PARENT_AND_MEMBER_RUN,"{""archived_authority_contains_target"": false, ""archived_packet_target"": false, ""relation_candidate"": true}",[],,scope,for all three tranches,,,,O7,False,tranche,True,gold_target,,True,,Financial_Model:05_01,,Workings Cost Sheet!BA29
,"[""first"", ""second"", ""third""]",DERIVED_FROM_SUBJECT_PARENT_AND_MEMBER_RUN,"{""archived_authority_contains_target"": false, ""archived_packet_target"": false, ""relation_candidate"": true}",[],,scope,for all three tranches,,,,O7,False,tranche,True,gold_target,,True,,Financial_Model:05_01,,Workings Cost Sheet!BA30
,"[""first"", ""second"", ""third""]",DERIVED_FROM_SUBJECT_PARENT_AND_MEMBER_RUN,"{""archived_authority_contains_target"": false, ""archived_packet_target"": false, ""relation_candidate"": true}",[],,scope,for all three tranches,,,,O7,False,tranche,True,gold_target,,True,,Financial_Model:05_01,,Workings Cost Sheet!BA31
,"[""first"", ""second"", ""third""]",DERIVED_FROM_SUBJECT_PARENT_AND_MEMBER_RUN,"{""archived_authority_contains_target"": false, ""archived_packet_target"": false, ""relation_candidate"": true}",[],,scope,for all three tranches,,,,O7,False,tranche,True,gold_target,,True,,Financial_Model:05_01,,Workings Cost Sheet!BB29
,"[""first"", ""second"", ""third""]",DERIVED_FROM_SUBJECT_PARENT_AND_MEMBER_RUN,"{""archived_authority_contains_target"": false, ""archived_packet_target"": false, ""relation_candidate"": true}",[],,scope,for all three tranches,,,,O7,False,tranche,True,gold_target,,True,,Financial_Model:05_01,,Workings Cost Sheet!BB30
,"[""first"", ""second"", ""third""]",DERIVED_FROM_SUBJECT_PARENT_AND_MEMBER_RUN,"{""archived_authority_contains_target"": false, ""archived_packet_target"": false, ""relation_candidate"": true}",[],,scope,for all three tranches,,,,O7,False,tranche,True,gold_target,,True,,Financial_Model:05_01,,Workings Cost Sheet!BB31
,"[""first"", ""second"", ""third""]",DERIVED_FROM_SUBJECT_PARENT_AND_MEMBER_RUN,"{""archived_authority_contains_target"": false, ""archived_packet_target"": false, ""relation_candidate"": true}",[],,scope,for all three tranches,,,,O7,False,tranche,True,gold_target,,True,,Financial_Model:05_01,,Workings Cost Sheet!BC29
,"[""first"", ""second"", ""third""]",DERIVED_FROM_SUBJECT_PARENT_AND_MEMBER_RUN,"{""archived_authority_contains_target"": false, ""archived_packet_target"": false, ""relation_candidate"": true}",[],,scope,for all three tranches,,,,O7,False,tranche,True,gold_target,,True,,Financial_Model:05_01,,Workings Cost Sheet!BC30
,"[""first"", ""second"", ""third""]",DERIVED_FROM_SUBJECT_PARENT_AND_MEMBER_RUN,"{""archived_authority_contains_target"": false, ""archived_packet_target"": false, ""relation_candidate"": true}",[],,scope,for all three tranches,,,,O7,False,tranche,True,gold_target,,True,,Financial_Model:05_01,,Workings Cost Sheet!BC31
,"[""first"", ""second"", ""third""]",DERIVED_FROM_SUBJECT_PARENT_AND_MEMBER_RUN,"{""archived_authority_contains_target"": false, ""archived_packet_target"": false, ""relation_candidate"": true}",[],,scope,for all three tranches,,,,O7,False,tranche,True,gold_target,,True,,Financial_Model:05_01,,Workings Cost Sheet!BD29
,"[""first"", ""second"", ""third""]",DERIVED_FROM_SUBJECT_PARENT_AND_MEMBER_RUN,"{""archived_authority_contains_target"": false, ""archived_packet_target"": false, ""relation_candidate"": true}",[],,scope,for all three tranches,,,,O7,False,tranche,True,gold_target,,True,,Financial_Model:05_01,,Workings Cost Sheet!BD30
,"[""first"", ""second"", ""third""]",DERIVED_FROM_SUBJECT_PARENT_AND_MEMBER_RUN,"{""archived_authority_contains_target"": false, ""archived_packet_target"": false, ""relation_candidate"": true}",[],,scope,for all three tranches,,,,O7,False,tranche,True,gold_target,,True,,Financial_Model:05_01,,Workings Cost Sheet!BD31
,"[""first"", ""second"", ""third""]",DERIVED_FROM_SUBJECT_PARENT_AND_MEMBER_RUN,"{""archived_authority_contains_target"": false, ""archived_packet_target"": false, ""relation_candidate"": true}",[],,scope,for all three tranches,,,,O7,False,tranche,True,gold_target,,True,,Financial_Model:05_01,,Workings Cost Sheet!BE29
,"[""first"", ""second"", ""third""]",DERIVED_FROM_SUBJECT_PARENT_AND_MEMBER_RUN,"{""archived_authority_contains_target"": false, ""archived_packet_target"": false, ""relation_candidate"": true}",[],,scope,for all three tranches,,,,O7,False,tranche,True,gold_target,,True,,Financial_Model:05_01,,Workings Cost Sheet!BE30
,"[""first"", ""second"", ""third""]",DERIVED_FROM_SUBJECT_PARENT_AND_MEMBER_RUN,"{""archived_authority_contains_target"": false, ""archived_packet_target"": false, ""relation_candidate"": true}",[],,scope,for all three tranches,,,,O7,False,tranche,True,gold_target,,True,,Financial_Model:05_01,,Workings Cost Sheet!BE31
,"[""first"", ""second"", ""third""]",DERIVED_FROM_SUBJECT_PARENT_AND_MEMBER_RUN,"{""archived_authority_contains_target"": false, ""archived_packet_target"": false, ""relation_candidate"": true}",[],,scope,for all three tranches,,,,O7,False,tranche,True,gold_target,,True,,Financial_Model:05_01,,Workings Cost Sheet!BF29
,"[""first"", ""second"", ""third""]",DERIVED_FROM_SUBJECT_PARENT_AND_MEMBER_RUN,"{""archived_authority_contains_target"": false, ""archived_packet_target"": false, ""relation_candidate"": true}",[],,scope,for all three tranches,,,,O7,False,tranche,True,gold_target,,True,,Financial_Model:05_01,,Workings Cost Sheet!BF30
,"[""first"", ""second"", ""third""]",DERIVED_FROM_SUBJECT_PARENT_AND_MEMBER_RUN,"{""archived_authority_contains_target"": false, ""archived_packet_target"": false, ""relation_candidate"": true}",[],,scope,for all three tranches,,,,O7,False,tranche,True,gold_target,,True,,Financial_Model:05_01,,Workings Cost Sheet!BF31
,"[""first"", ""second"", ""third""]",DERIVED_FROM_SUBJECT_PARENT_AND_MEMBER_RUN,"{""archived_authority_contains_target"": false, ""archived_packet_target"": false, ""relation_candidate"": true}",[],,scope,for all three tranches,,,,O7,False,tranche,True,gold_target,,True,,Financial_Model:05_01,,Workings Cost Sheet!BG29
,"[""first"", ""second"", ""third""]",DERIVED_FROM_SUBJECT_PARENT_AND_MEMBER_RUN,"{""archived_authority_contains_target"": false, ""archived_packet_target"": false, ""relation_candidate"": true}",[],,scope,for all three tranches,,,,O7,False,tranche,True,gold_target,,True,,Financial_Model:05_01,,Workings Cost Sheet!BG30
,"[""first"", ""second"", ""third""]",DERIVED_FROM_SUBJECT_PARENT_AND_MEMBER_RUN,"{""archived_authority_contains_target"": false, ""archived_packet_target"": false, ""relation_candidate"": true}",[],,scope,for all three tranches,,,,O7,False,tranche,True,gold_target,,True,,Financial_Model:05_01,,Workings Cost Sheet!BG31
,"[""first"", ""second"", ""third""]",DERIVED_FROM_SUBJECT_PARENT_AND_MEMBER_RUN,"{""archived_authority_contains_target"": false, ""archived_packet_target"": false, ""relation_candidate"": true}",[],,scope,for all three tranches,,,,O7,False,tranche,True,gold_target,,True,,Financial_Model:05_01,,Workings Cost Sheet!BH29
,"[""first"", ""second"", ""third""]",DERIVED_FROM_SUBJECT_PARENT_AND_MEMBER_RUN,"{""archived_authority_contains_target"": false, ""archived_packet_target"": false, ""relation_candidate"": true}",[],,scope,for all three tranches,,,,O7,False,tranche,True,gold_target,,True,,Financial_Model:05_01,,Workings Cost Sheet!BH30
,"[""first"", ""second"", ""third""]",DERIVED_FROM_SUBJECT_PARENT_AND_MEMBER_RUN,"{""archived_authority_contains_target"": false, ""archived_packet_target"": false, ""relation_candidate"": true}",[],,scope,for all three tranches,,,,O7,False,tranche,True,gold_target,,True,,Financial_Model:05_01,,Workings Cost Sheet!BH31
,"[""first"", ""second"", ""third""]",DERIVED_FROM_SUBJECT_PARENT_AND_MEMBER_RUN,"{""archived_authority_contains_target"": false, ""archived_packet_target"": false, ""relation_candidate"": true}",[],,scope,for all three tranches,,,,O7,False,tranche,True,gold_target,,True,,Financial_Model:05_01,,Workings Cost Sheet!BI29
,"[""first"", ""second"", ""third""]",DERIVED_FROM_SUBJECT_PARENT_AND_MEMBER_RUN,"{""archived_authority_contains_target"": false, ""archived_packet_target"": false, ""relation_candidate"": true}",[],,scope,for all three tranches,,,,O7,False,tranche,True,gold_target,,True,,Financial_Model:05_01,,Workings Cost Sheet!BI30
,"[""first"", ""second"", ""third""]",DERIVED_FROM_SUBJECT_PARENT_AND_MEMBER_RUN,"{""archived_authority_contains_target"": false, ""archived_packet_target"": false, ""relation_candidate"": true}",[],,scope,for all three tranches,,,,O7,False,tranche,True,gold_target,,True,,Financial_Model:05_01,,Workings Cost Sheet!BI31
,"[""first"", ""second"", ""third""]",DERIVED_FROM_SUBJECT_PARENT_AND_MEMBER_RUN,"{""archived_authority_contains_target"": false, ""archived_packet_target"": false, ""relation_candidate"": true}",[],,scope,for all three tranches,,,,O7,False,tranche,True,gold_target,,True,,Financial_Model:05_01,,Workings Cost Sheet!BJ29
,"[""first"", ""second"", ""third""]",DERIVED_FROM_SUBJECT_PARENT_AND_MEMBER_RUN,"{""archived_authority_contains_target"": false, ""archived_packet_target"": false, ""relation_candidate"": true}",[],,scope,for all three tranches,,,,O7,False,tranche,True,gold_target,,True,,Financial_Model:05_01,,Workings Cost Sheet!BJ30
,"[""first"", ""second"", ""third""]",DERIVED_FROM_SUBJECT_PARENT_AND_MEMBER_RUN,"{""archived_authority_contains_target"": false, ""archived_packet_target"": false, ""relation_candidate"": true}",[],,scope,for all three tranches,,,,O7,False,tranche,True,gold_target,,True,,Financial_Model:05_01,,Workings Cost Sheet!BJ31
,"[""first"", ""second"", ""third""]",DERIVED_FROM_SUBJECT_PARENT_AND_MEMBER_RUN,"{""archived_authority_contains_target"": false, ""archived_packet_target"": false, ""relation_candidate"": true}",[],,scope,for all three tranches,,,,O7,False,tranche,True,gold_target,,True,,Financial_Model:05_01,,Workings Cost Sheet!BK29
,"[""first"", ""second"", ""third""]",DERIVED_FROM_SUBJECT_PARENT_AND_MEMBER_RUN,"{""archived_authority_contains_target"": false, ""archived_packet_target"": false, ""relation_candidate"": true}",[],,scope,for all three tranches,,,,O7,False,tranche,True,gold_target,,True,,Financial_Model:05_01,,Workings Cost Sheet!BK30
,"[""first"", ""second"", ""third""]",DERIVED_FROM_SUBJECT_PARENT_AND_MEMBER_RUN,"{""archived_authority_contains_target"": false, ""archived_packet_target"": false, ""relation_candidate"": true}",[],,scope,for all three tranches,,,,O7,False,tranche,True,gold_target,,True,,Financial_Model:05_01,,Workings Cost Sheet!BK31
,"[""first"", ""second"", ""third""]",DERIVED_FROM_SUBJECT_PARENT_AND_MEMBER_RUN,"{""archived_authority_contains_target"": false, ""archived_packet_target"": false, ""relation_candidate"": true}",[],,scope,for all three tranches,,,,O7,False,tranche,True,gold_target,,True,,Financial_Model:05_01,,Workings Cost Sheet!BL29
,"[""first"", ""second"", ""third""]",DERIVED_FROM_SUBJECT_PARENT_AND_MEMBER_RUN,"{""archived_authority_contains_target"": false, ""archived_packet_target"": false, ""relation_candidate"": true}",[],,scope,for all three tranches,,,,O7,False,tranche,True,gold_target,,True,,Financial_Model:05_01,,Workings Cost Sheet!BL30
,"[""first"", ""second"", ""third""]",DERIVED_FROM_SUBJECT_PARENT_AND_MEMBER_RUN,"{""archived_authority_contains_target"": false, ""archived_packet_target"": false, ""relation_candidate"": true}",[],,scope,for all three tranches,,,,O7,False,tranche,True,gold_target,,True,,Financial_Model:05_01,,Workings Cost Sheet!BL31
,"[""first"", ""second"", ""third""]",DERIVED_FROM_SUBJECT_PARENT_AND_MEMBER_RUN,"{""archived_authority_contains_target"": false, ""archived_packet_target"": false, ""relation_candidate"": true}",[],,scope,for all three tranches,,,,O7,False,tranche,True,gold_target,,True,,Financial_Model:05_01,,Workings Cost Sheet!BM29
,"[""first"", ""second"", ""third""]",DERIVED_FROM_SUBJECT_PARENT_AND_MEMBER_RUN,"{""archived_authority_contains_target"": false, ""archived_packet_target"": false, ""relation_candidate"": true}",[],,scope,for all three tranches,,,,O7,False,tranche,True,gold_target,,True,,Financial_Model:05_01,,Workings Cost Sheet!BM30
,"[""first"", ""second"", ""third""]",DERIVED_FROM_SUBJECT_PARENT_AND_MEMBER_RUN,"{""archived_authority_contains_target"": false, ""archived_packet_target"": false, ""relation_candidate"": true}",[],,scope,for all three tranches,,,,O7,False,tranche,True,gold_target,,True,,Financial_Model:05_01,,Workings Cost Sheet!BM31
,"[""first"", ""second"", ""third""]",DERIVED_FROM_SUBJECT_PARENT_AND_MEMBER_RUN,"{""archived_authority_contains_target"": false, ""archived_packet_target"": false, ""relation_candidate"": true}",[],,scope,for all three tranches,,,,O7,False,tranche,True,gold_target,,True,,Financial_Model:05_01,,Workings Cost Sheet!BN29
,"[""first"", ""second"", ""third""]",DERIVED_FROM_SUBJECT_PARENT_AND_MEMBER_RUN,"{""archived_authority_contains_target"": false, ""archived_packet_target"": false, ""relation_candidate"": true}",[],,scope,for all three tranches,,,,O7,False,tranche,True,gold_target,,True,,Financial_Model:05_01,,Workings Cost Sheet!BN30
,"[""first"", ""second"", ""third""]",DERIVED_FROM_SUBJECT_PARENT_AND_MEMBER_RUN,"{""archived_authority_contains_target"": false, ""archived_packet_target"": false, ""relation_candidate"": true}",[],,scope,for all three tranches,,,,O7,False,tranche,True,gold_target,,True,,Financial_Model:05_01,,Workings Cost Sheet!BN31
,"[""first"", ""second"", ""third""]",DERIVED_FROM_SUBJECT_PARENT_AND_MEMBER_RUN,"{""archived_authority_contains_target"": false, ""archived_packet_target"": false, ""relation_candidate"": true}",[],,scope,for all three tranches,,,,O7,False,tranche,True,gold_target,,True,,Financial_Model:05_01,,Workings Cost Sheet!BO29
,"[""first"", ""second"", ""third""]",DERIVED_FROM_SUBJECT_PARENT_AND_MEMBER_RUN,"{""archived_authority_contains_target"": false, ""archived_packet_target"": false, ""relation_candidate"": true}",[],,scope,for all three tranches,,,,O7,False,tranche,True,gold_target,,True,,Financial_Model:05_01,,Workings Cost Sheet!BO30
,"[""first"", ""second"", ""third""]",DERIVED_FROM_SUBJECT_PARENT_AND_MEMBER_RUN,"{""archived_authority_contains_target"": false, ""archived_packet_target"": false, ""relation_candidate"": true}",[],,scope,for all three tranches,,,,O7,False,tranche,True,gold_target,,True,,Financial_Model:05_01,,Workings Cost Sheet!BO31
,"[""first"", ""second"", ""third""]",DERIVED_FROM_SUBJECT_PARENT_AND_MEMBER_RUN,"{""archived_authority_contains_target"": false, ""archived_packet_target"": false, ""relation_candidate"": true}",[],,scope,for all three tranches,,,,O7,False,tranche,True,gold_target,,True,,Financial_Model:05_01,,Workings Cost Sheet!BP29
,"[""first"", ""second"", ""third""]",DERIVED_FROM_SUBJECT_PARENT_AND_MEMBER_RUN,"{""archived_authority_contains_target"": false, ""archived_packet_target"": false, ""relation_candidate"": true}",[],,scope,for all three tranches,,,,O7,False,tranche,True,gold_target,,True,,Financial_Model:05_01,,Workings Cost Sheet!BP30
,"[""first"", ""second"", ""third""]",DERIVED_FROM_SUBJECT_PARENT_AND_MEMBER_RUN,"{""archived_authority_contains_target"": false, ""archived_packet_target"": false, ""relation_candidate"": true}",[],,scope,for all three tranches,,,,O7,False,tranche,True,gold_target,,True,,Financial_Model:05_01,,Workings Cost Sheet!BP31
,"[""first"", ""second"", ""third""]",DERIVED_FROM_SUBJECT_PARENT_AND_MEMBER_RUN,"{""archived_authority_contains_target"": false, ""archived_packet_target"": false, ""relation_candidate"": true}",[],,scope,for all three tranches,,,,O7,False,tranche,True,gold_target,,True,,Financial_Model:05_01,,Workings Cost Sheet!BQ29
,"[""first"", ""second"", ""third""]",DERIVED_FROM_SUBJECT_PARENT_AND_MEMBER_RUN,"{""archived_authority_contains_target"": false, ""archived_packet_target"": false, ""relation_candidate"": true}",[],,scope,for all three tranches,,,,O7,False,tranche,True,gold_target,,True,,Financial_Model:05_01,,Workings Cost Sheet!BQ30
,"[""first"", ""second"", ""third""]",DERIVED_FROM_SUBJECT_PARENT_AND_MEMBER_RUN,"{""archived_authority_contains_target"": false, ""archived_packet_target"": false, ""relation_candidate"": true}",[],,scope,for all three tranches,,,,O7,False,tranche,True,gold_target,,True,,Financial_Model:05_01,,Workings Cost Sheet!BQ31
,"[""first"", ""second"", ""third""]",DERIVED_FROM_SUBJECT_PARENT_AND_MEMBER_RUN,"{""archived_authority_contains_target"": false, ""archived_packet_target"": false, ""relation_candidate"": true}",[],,scope,for all three tranches,,,,O7,False,tranche,True,gold_target,,True,,Financial_Model:05_01,,Workings Cost Sheet!BR29
,"[""first"", ""second"", ""third""]",DERIVED_FROM_SUBJECT_PARENT_AND_MEMBER_RUN,"{""archived_authority_contains_target"": false, ""archived_packet_target"": false, ""relation_candidate"": true}",[],,scope,for all three tranches,,,,O7,False,tranche,True,gold_target,,True,,Financial_Model:05_01,,Workings Cost Sheet!BR30
,"[""first"", ""second"", ""third""]",DERIVED_FROM_SUBJECT_PARENT_AND_MEMBER_RUN,"{""archived_authority_contains_target"": false, ""archived_packet_target"": false, ""relation_candidate"": true}",[],,scope,for all three tranches,,,,O7,False,tranche,True,gold_target,,True,,Financial_Model:05_01,,Workings Cost Sheet!BR31
,"[""first"", ""second"", ""third""]",DERIVED_FROM_SUBJECT_PARENT_AND_MEMBER_RUN,"{""archived_authority_contains_target"": false, ""archived_packet_target"": false, ""relation_candidate"": true}",[],,scope,for all three tranches,,,,O7,False,tranche,True,gold_target,,True,,Financial_Model:05_01,,Workings Cost Sheet!BS29
,"[""first"", ""second"", ""third""]",DERIVED_FROM_SUBJECT_PARENT_AND_MEMBER_RUN,"{""archived_authority_contains_target"": false, ""archived_packet_target"": false, ""relation_candidate"": true}",[],,scope,for all three tranches,,,,O7,False,tranche,True,gold_target,,True,,Financial_Model:05_01,,Workings Cost Sheet!BS30
,"[""first"", ""second"", ""third""]",DERIVED_FROM_SUBJECT_PARENT_AND_MEMBER_RUN,"{""archived_authority_contains_target"": false, ""archived_packet_target"": false, ""relation_candidate"": true}",[],,scope,for all three tranches,,,,O7,False,tranche,True,gold_target,,True,,Financial_Model:05_01,,Workings Cost Sheet!BS31
,"[""first"", ""second"", ""third""]",DERIVED_FROM_SUBJECT_PARENT_AND_MEMBER_RUN,"{""archived_authority_contains_target"": false, ""archived_packet_target"": false, ""relation_candidate"": true}",[],,scope,for all three tranches,,,,O7,False,tranche,True,gold_target,,True,,Financial_Model:05_01,,Workings Cost Sheet!BT29
,"[""first"", ""second"", ""third""]",DERIVED_FROM_SUBJECT_PARENT_AND_MEMBER_RUN,"{""archived_authority_contains_target"": false, ""archived_packet_target"": false, ""relation_candidate"": true}",[],,scope,for all three tranches,,,,O7,False,tranche,True,gold_target,,True,,Financial_Model:05_01,,Workings Cost Sheet!BT30
,"[""first"", ""second"", ""third""]",DERIVED_FROM_SUBJECT_PARENT_AND_MEMBER_RUN,"{""archived_authority_contains_target"": false, ""archived_packet_target"": false, ""relation_candidate"": true}",[],,scope,for all three tranches,,,,O7,False,tranche,True,gold_target,,True,,Financial_Model:05_01,,Workings Cost Sheet!BT31
,"[""first"", ""second"", ""third""]",DERIVED_FROM_SUBJECT_PARENT_AND_MEMBER_RUN,"{""archived_authority_contains_target"": false, ""archived_packet_target"": false, ""relation_candidate"": true}",[],,scope,for all three tranches,,,,O7,False,tranche,True,gold_target,,True,,Financial_Model:05_01,,Workings Cost Sheet!BU29
,"[""first"", ""second"", ""third""]",DERIVED_FROM_SUBJECT_PARENT_AND_MEMBER_RUN,"{""archived_authority_contains_target"": false, ""archived_packet_target"": false, ""relation_candidate"": true}",[],,scope,for all three tranches,,,,O7,False,tranche,True,gold_target,,True,,Financial_Model:05_01,,Workings Cost Sheet!BU30
,"[""first"", ""second"", ""third""]",DERIVED_FROM_SUBJECT_PARENT_AND_MEMBER_RUN,"{""archived_authority_contains_target"": false, ""archived_packet_target"": false, ""relation_candidate"": true}",[],,scope,for all three tranches,,,,O7,False,tranche,True,gold_target,,True,,Financial_Model:05_01,,Workings Cost Sheet!BU31
,"[""first"", ""second"", ""third""]",DERIVED_FROM_SUBJECT_PARENT_AND_MEMBER_RUN,"{""archived_authority_contains_target"": false, ""archived_packet_target"": false, ""relation_candidate"": true}",[],,scope,for all three tranches,,,,O7,False,tranche,True,gold_target,,True,,Financial_Model:05_01,,Workings Cost Sheet!BV29
,"[""first"", ""second"", ""third""]",DERIVED_FROM_SUBJECT_PARENT_AND_MEMBER_RUN,"{""archived_authority_contains_target"": false, ""archived_packet_target"": false, ""relation_candidate"": true}",[],,scope,for all three tranches,,,,O7,False,tranche,True,gold_target,,True,,Financial_Model:05_01,,Workings Cost Sheet!BV30
,"[""first"", ""second"", ""third""]",DERIVED_FROM_SUBJECT_PARENT_AND_MEMBER_RUN,"{""archived_authority_contains_target"": false, ""archived_packet_target"": false, ""relation_candidate"": true}",[],,scope,for all three tranches,,,,O7,False,tranche,True,gold_target,,True,,Financial_Model:05_01,,Workings Cost Sheet!BV31
,"[""first"", ""second"", ""third""]",DERIVED_FROM_SUBJECT_PARENT_AND_MEMBER_RUN,"{""archived_authority_contains_target"": false, ""archived_packet_target"": false, ""relation_candidate"": true}",[],,scope,for all three tranches,,,,O7,False,tranche,True,gold_target,,True,,Financial_Model:05_01,,Workings Cost Sheet!BW29
,"[""first"", ""second"", ""third""]",DERIVED_FROM_SUBJECT_PARENT_AND_MEMBER_RUN,"{""archived_authority_contains_target"": false, ""archived_packet_target"": false, ""relation_candidate"": true}",[],,scope,for all three tranches,,,,O7,False,tranche,True,gold_target,,True,,Financial_Model:05_01,,Workings Cost Sheet!BW30
,"[""first"", ""second"", ""third""]",DERIVED_FROM_SUBJECT_PARENT_AND_MEMBER_RUN,"{""archived_authority_contains_target"": false, ""archived_packet_target"": false, ""relation_candidate"": true}",[],,scope,for all three tranches,,,,O7,False,tranche,True,gold_target,,True,,Financial_Model:05_01,,Workings Cost Sheet!BW31
,"[""first"", ""second"", ""third""]",DERIVED_FROM_SUBJECT_PARENT_AND_MEMBER_RUN,"{""archived_authority_contains_target"": false, ""archived_packet_target"": false, ""relation_candidate"": true}",[],,scope,for all three tranches,,,,O7,False,tranche,True,gold_target,,True,,Financial_Model:05_01,,Workings Cost Sheet!BX29
,"[""first"", ""second"", ""third""]",DERIVED_FROM_SUBJECT_PARENT_AND_MEMBER_RUN,"{""archived_authority_contains_target"": false, ""archived_packet_target"": false, ""relation_candidate"": true}",[],,scope,for all three tranches,,,,O7,False,tranche,True,gold_target,,True,,Financial_Model:05_01,,Workings Cost Sheet!BX30
,"[""first"", ""second"", ""third""]",DERIVED_FROM_SUBJECT_PARENT_AND_MEMBER_RUN,"{""archived_authority_contains_target"": false, ""archived_packet_target"": false, ""relation_candidate"": true}",[],,scope,for all three tranches,,,,O7,False,tranche,True,gold_target,,True,,Financial_Model:05_01,,Workings Cost Sheet!BX31
,"[""first"", ""second"", ""third""]",DERIVED_FROM_SUBJECT_PARENT_AND_MEMBER_RUN,"{""archived_authority_contains_target"": false, ""archived_packet_target"": false, ""relation_candidate"": true}",[],,scope,for all three tranches,,,,O7,False,tranche,True,gold_target,,True,,Financial_Model:05_01,,Workings Cost Sheet!BY29
,"[""first"", ""second"", ""third""]",DERIVED_FROM_SUBJECT_PARENT_AND_MEMBER_RUN,"{""archived_authority_contains_target"": false, ""archived_packet_target"": false, ""relation_candidate"": true}",[],,scope,for all three tranches,,,,O7,False,tranche,True,gold_target,,True,,Financial_Model:05_01,,Workings Cost Sheet!BY30
,"[""first"", ""second"", ""third""]",DERIVED_FROM_SUBJECT_PARENT_AND_MEMBER_RUN,"{""archived_authority_contains_target"": false, ""archived_packet_target"": false, ""relation_candidate"": true}",[],,scope,for all three tranches,,,,O7,False,tranche,True,gold_target,,True,,Financial_Model:05_01,,Workings Cost Sheet!BY31
,"[""first"", ""second"", ""third""]",DERIVED_FROM_SUBJECT_PARENT_AND_MEMBER_RUN,"{""archived_authority_contains_target"": false, ""archived_packet_target"": false, ""relation_candidate"": true}",[],,scope,for all three tranches,,,,O7,False,tranche,True,gold_target,,True,,Financial_Model:05_01,,Workings Cost Sheet!BZ29
,"[""first"", ""second"", ""third""]",DERIVED_FROM_SUBJECT_PARENT_AND_MEMBER_RUN,"{""archived_authority_contains_target"": false, ""archived_packet_target"": false, ""relation_candidate"": true}",[],,scope,for all three tranches,,,,O7,False,tranche,True,gold_target,,True,,Financial_Model:05_01,,Workings Cost Sheet!BZ30
,"[""first"", ""second"", ""third""]",DERIVED_FROM_SUBJECT_PARENT_AND_MEMBER_RUN,"{""archived_authority_contains_target"": false, ""archived_packet_target"": false, ""relation_candidate"": true}",[],,scope,for all three tranches,,,,O7,False,tranche,True,gold_target,,True,,Financial_Model:05_01,,Workings Cost Sheet!BZ31
,"[""first"", ""second"", ""third""]",DERIVED_FROM_SUBJECT_PARENT_AND_MEMBER_RUN,"{""archived_authority_contains_target"": false, ""archived_packet_target"": false, ""relation_candidate"": true}",[],,scope,for all three tranches,,,,O7,False,tranche,True,gold_target,,True,,Financial_Model:05_01,,Workings Cost Sheet!CA29
,"[""first"", ""second"", ""third""]",DERIVED_FROM_SUBJECT_PARENT_AND_MEMBER_RUN,"{""archived_authority_contains_target"": false, ""archived_packet_target"": false, ""relation_candidate"": true}",[],,scope,for all three tranches,,,,O7,False,tranche,True,gold_target,,True,,Financial_Model:05_01,,Workings Cost Sheet!CA30
,"[""first"", ""second"", ""third""]",DERIVED_FROM_SUBJECT_PARENT_AND_MEMBER_RUN,"{""archived_authority_contains_target"": false, ""archived_packet_target"": false, ""relation_candidate"": true}",[],,scope,for all three tranches,,,,O7,False,tranche,True,gold_target,,True,,Financial_Model:05_01,,Workings Cost Sheet!CA31
,"[""first"", ""second"", ""third""]",DERIVED_FROM_SUBJECT_PARENT_AND_MEMBER_RUN,"{""archived_authority_contains_target"": false, ""archived_packet_target"": false, ""relation_candidate"": true}",[],,scope,for all three tranches,,,,O7,False,tranche,True,gold_target,,True,,Financial_Model:05_01,,Workings Cost Sheet!CB29
,"[""first"", ""second"", ""third""]",DERIVED_FROM_SUBJECT_PARENT_AND_MEMBER_RUN,"{""archived_authority_contains_target"": false, ""archived_packet_target"": false, ""relation_candidate"": true}",[],,scope,for all three tranches,,,,O7,False,tranche,True,gold_target,,True,,Financial_Model:05_01,,Workings Cost Sheet!CB30
,"[""first"", ""second"", ""third""]",DERIVED_FROM_SUBJECT_PARENT_AND_MEMBER_RUN,"{""archived_authority_contains_target"": false, ""archived_packet_target"": false, ""relation_candidate"": true}",[],,scope,for all three tranches,,,,O7,False,tranche,True,gold_target,,True,,Financial_Model:05_01,,Workings Cost Sheet!CB31
,"[""first"", ""second"", ""third""]",DERIVED_FROM_SUBJECT_PARENT_AND_MEMBER_RUN,"{""archived_authority_contains_target"": false, ""archived_packet_target"": false, ""relation_candidate"": true}",[],,scope,for all three tranches,,,,O7,False,tranche,True,gold_target,,True,,Financial_Model:05_01,,Workings Cost Sheet!CC29
,"[""first"", ""second"", ""third""]",DERIVED_FROM_SUBJECT_PARENT_AND_MEMBER_RUN,"{""archived_authority_contains_target"": false, ""archived_packet_target"": false, ""relation_candidate"": true}",[],,scope,for all three tranches,,,,O7,False,tranche,True,gold_target,,True,,Financial_Model:05_01,,Workings Cost Sheet!CC30
,"[""first"", ""second"", ""third""]",DERIVED_FROM_SUBJECT_PARENT_AND_MEMBER_RUN,"{""archived_authority_contains_target"": false, ""archived_packet_target"": false, ""relation_candidate"": true}",[],,scope,for all three tranches,,,,O7,False,tranche,True,gold_target,,True,,Financial_Model:05_01,,Workings Cost Sheet!CC31
,"[""first"", ""second"", ""third""]",DERIVED_FROM_SUBJECT_PARENT_AND_MEMBER_RUN,"{""archived_authority_contains_target"": false, ""archived_packet_target"": false, ""relation_candidate"": true}",[],,scope,for all three tranches,,,,O7,False,tranche,True,gold_target,,True,,Financial_Model:05_01,,Workings Cost Sheet!CD29
,"[""first"", ""second"", ""third""]",DERIVED_FROM_SUBJECT_PARENT_AND_MEMBER_RUN,"{""archived_authority_contains_target"": false, ""archived_packet_target"": false, ""relation_candidate"": true}",[],,scope,for all three tranches,,,,O7,False,tranche,True,gold_target,,True,,Financial_Model:05_01,,Workings Cost Sheet!CD30
,"[""first"", ""second"", ""third""]",DERIVED_FROM_SUBJECT_PARENT_AND_MEMBER_RUN,"{""archived_authority_contains_target"": false, ""archived_packet_target"": false, ""relation_candidate"": true}",[],,scope,for all three tranches,,,,O7,False,tranche,True,gold_target,,True,,Financial_Model:05_01,,Workings Cost Sheet!CD31
,"[""first"", ""second"", ""third""]",DERIVED_FROM_SUBJECT_PARENT_AND_MEMBER_RUN,"{""archived_authority_contains_target"": false, ""archived_packet_target"": false, ""relation_candidate"": true}",[],,scope,for all three tranches,,,,O7,False,tranche,True,gold_target,,True,,Financial_Model:05_01,,Workings Cost Sheet!CE29
,"[""first"", ""second"", ""third""]",DERIVED_FROM_SUBJECT_PARENT_AND_MEMBER_RUN,"{""archived_authority_contains_target"": false, ""archived_packet_target"": false, ""relation_candidate"": true}",[],,scope,for all three tranches,,,,O7,False,tranche,True,gold_target,,True,,Financial_Model:05_01,,Workings Cost Sheet!CE30
,"[""first"", ""second"", ""third""]",DERIVED_FROM_SUBJECT_PARENT_AND_MEMBER_RUN,"{""archived_authority_contains_target"": false, ""archived_packet_target"": false, ""relation_candidate"": true}",[],,scope,for all three tranches,,,,O7,False,tranche,True,gold_target,,True,,Financial_Model:05_01,,Workings Cost Sheet!CE31
,"[""first"", ""second"", ""third""]",DERIVED_FROM_SUBJECT_PARENT_AND_MEMBER_RUN,"{""archived_authority_contains_target"": false, ""archived_packet_target"": false, ""relation_candidate"": true}",[],,scope,for all three tranches,,,,O7,False,tranche,True,gold_target,,True,,Financial_Model:05_01,,Workings Cost Sheet!CF29
,"[""first"", ""second"", ""third""]",DERIVED_FROM_SUBJECT_PARENT_AND_MEMBER_RUN,"{""archived_authority_contains_target"": false, ""archived_packet_target"": false, ""relation_candidate"": true}",[],,scope,for all three tranches,,,,O7,False,tranche,True,gold_target,,True,,Financial_Model:05_01,,Workings Cost Sheet!CF30
,"[""first"", ""second"", ""third""]",DERIVED_FROM_SUBJECT_PARENT_AND_MEMBER_RUN,"{""archived_authority_contains_target"": false, ""archived_packet_target"": false, ""relation_candidate"": true}",[],,scope,for all three tranches,,,,O7,False,tranche,True,gold_target,,True,,Financial_Model:05_01,,Workings Cost Sheet!CF31
,"[""first"", ""second"", ""third""]",DERIVED_FROM_SUBJECT_PARENT_AND_MEMBER_RUN,"{""archived_authority_contains_target"": false, ""archived_packet_target"": false, ""relation_candidate"": true}",[],,scope,for all three tranches,,,,O7,False,tranche,True,gold_target,,True,,Financial_Model:05_01,,Workings Cost Sheet!CG29
,"[""first"", ""second"", ""third""]",DERIVED_FROM_SUBJECT_PARENT_AND_MEMBER_RUN,"{""archived_authority_contains_target"": false, ""archived_packet_target"": false, ""relation_candidate"": true}",[],,scope,for all three tranches,,,,O7,False,tranche,True,gold_target,,True,,Financial_Model:05_01,,Workings Cost Sheet!CG30
,"[""first"", ""second"", ""third""]",DERIVED_FROM_SUBJECT_PARENT_AND_MEMBER_RUN,"{""archived_authority_contains_target"": false, ""archived_packet_target"": false, ""relation_candidate"": true}",[],,scope,for all three tranches,,,,O7,False,tranche,True,gold_target,,True,,Financial_Model:05_01,,Workings Cost Sheet!CG31
,"[""first"", ""second"", ""third""]",DERIVED_FROM_SUBJECT_PARENT_AND_MEMBER_RUN,"{""archived_authority_contains_target"": false, ""archived_packet_target"": false, ""relation_candidate"": true}",[],,scope,for all three tranches,,,,O7,False,tranche,True,gold_target,,True,,Financial_Model:05_01,,Workings Cost Sheet!CH29
,"[""first"", ""second"", ""third""]",DERIVED_FROM_SUBJECT_PARENT_AND_MEMBER_RUN,"{""archived_authority_contains_target"": false, ""archived_packet_target"": false, ""relation_candidate"": true}",[],,scope,for all three tranches,,,,O7,False,tranche,True,gold_target,,True,,Financial_Model:05_01,,Workings Cost Sheet!CH30
,"[""first"", ""second"", ""third""]",DERIVED_FROM_SUBJECT_PARENT_AND_MEMBER_RUN,"{""archived_authority_contains_target"": false, ""archived_packet_target"": false, ""relation_candidate"": true}",[],,scope,for all three tranches,,,,O7,False,tranche,True,gold_target,,True,,Financial_Model:05_01,,Workings Cost Sheet!CH31
,"[""first"", ""second"", ""third""]",DERIVED_FROM_SUBJECT_PARENT_AND_MEMBER_RUN,"{""archived_authority_contains_target"": false, ""archived_packet_target"": false, ""relation_candidate"": true}",[],,scope,for all three tranches,,,,O7,False,tranche,True,gold_target,,True,,Financial_Model:05_01,,Workings Cost Sheet!CI29
,"[""first"", ""second"", ""third""]",DERIVED_FROM_SUBJECT_PARENT_AND_MEMBER_RUN,"{""archived_authority_contains_target"": false, ""archived_packet_target"": false, ""relation_candidate"": true}",[],,scope,for all three tranches,,,,O7,False,tranche,True,gold_target,,True,,Financial_Model:05_01,,Workings Cost Sheet!CI30
,"[""first"", ""second"", ""third""]",DERIVED_FROM_SUBJECT_PARENT_AND_MEMBER_RUN,"{""archived_authority_contains_target"": false, ""archived_packet_target"": false, ""relation_candidate"": true}",[],,scope,for all three tranches,,,,O7,False,tranche,True,gold_target,,True,,Financial_Model:05_01,,Workings Cost Sheet!CI31
,"[""first"", ""second"", ""third""]",DERIVED_FROM_SUBJECT_PARENT_AND_MEMBER_RUN,"{""archived_authority_contains_target"": false, ""archived_packet_target"": false, ""relation_candidate"": true}",[],,scope,for all three tranches,,,,O7,False,tranche,True,gold_target,,True,,Financial_Model:05_01,,Workings Cost Sheet!CJ29
,"[""first"", ""second"", ""third""]",DERIVED_FROM_SUBJECT_PARENT_AND_MEMBER_RUN,"{""archived_authority_contains_target"": false, ""archived_packet_target"": false, ""relation_candidate"": true}",[],,scope,for all three tranches,,,,O7,False,tranche,True,gold_target,,True,,Financial_Model:05_01,,Workings Cost Sheet!CJ30
,"[""first"", ""second"", ""third""]",DERIVED_FROM_SUBJECT_PARENT_AND_MEMBER_RUN,"{""archived_authority_contains_target"": false, ""archived_packet_target"": false, ""relation_candidate"": true}",[],,scope,for all three tranches,,,,O7,False,tranche,True,gold_target,,True,,Financial_Model:05_01,,Workings Cost Sheet!CJ31
,"[""first"", ""second"", ""third""]",DERIVED_FROM_SUBJECT_PARENT_AND_MEMBER_RUN,"{""archived_authority_contains_target"": false, ""archived_packet_target"": false, ""relation_candidate"": true}",[],,scope,for all three tranches,,,,O7,False,tranche,True,gold_target,,True,,Financial_Model:05_01,,Workings Cost Sheet!CK29
,"[""first"", ""second"", ""third""]",DERIVED_FROM_SUBJECT_PARENT_AND_MEMBER_RUN,"{""archived_authority_contains_target"": false, ""archived_packet_target"": false, ""relation_candidate"": true}",[],,scope,for all three tranches,,,,O7,False,tranche,True,gold_target,,True,,Financial_Model:05_01,,Workings Cost Sheet!CK30
,"[""first"", ""second"", ""third""]",DERIVED_FROM_SUBJECT_PARENT_AND_MEMBER_RUN,"{""archived_authority_contains_target"": false, ""archived_packet_target"": false, ""relation_candidate"": true}",[],,scope,for all three tranches,,,,O7,False,tranche,True,gold_target,,True,,Financial_Model:05_01,,Workings Cost Sheet!CK31
,"[""first"", ""second"", ""third""]",DERIVED_FROM_SUBJECT_PARENT_AND_MEMBER_RUN,"{""archived_authority_contains_target"": false, ""archived_packet_target"": false, ""relation_candidate"": true}",[],,scope,for all three tranches,,,,O7,False,tranche,True,gold_target,,True,,Financial_Model:05_01,,Workings Cost Sheet!CL29
,"[""first"", ""second"", ""third""]",DERIVED_FROM_SUBJECT_PARENT_AND_MEMBER_RUN,"{""archived_authority_contains_target"": false, ""archived_packet_target"": false, ""relation_candidate"": true}",[],,scope,for all three tranches,,,,O7,False,tranche,True,gold_target,,True,,Financial_Model:05_01,,Workings Cost Sheet!CL30
,"[""first"", ""second"", ""third""]",DERIVED_FROM_SUBJECT_PARENT_AND_MEMBER_RUN,"{""archived_authority_contains_target"": false, ""archived_packet_target"": false, ""relation_candidate"": true}",[],,scope,for all three tranches,,,,O7,False,tranche,True,gold_target,,True,,Financial_Model:05_01,,Workings Cost Sheet!CL31
,"[""first"", ""second"", ""third""]",DERIVED_FROM_SUBJECT_PARENT_AND_MEMBER_RUN,"{""archived_authority_contains_target"": false, ""archived_packet_target"": false, ""relation_candidate"": true}",[],,scope,for all three tranches,,,,O7,False,tranche,True,gold_target,,True,,Financial_Model:05_01,,Workings Cost Sheet!CM29
,"[""first"", ""second"", ""third""]",DERIVED_FROM_SUBJECT_PARENT_AND_MEMBER_RUN,"{""archived_authority_contains_target"": false, ""archived_packet_target"": false, ""relation_candidate"": true}",[],,scope,for all three tranches,,,,O7,False,tranche,True,gold_target,,True,,Financial_Model:05_01,,Workings Cost Sheet!CM30
,"[""first"", ""second"", ""third""]",DERIVED_FROM_SUBJECT_PARENT_AND_MEMBER_RUN,"{""archived_authority_contains_target"": false, ""archived_packet_target"": false, ""relation_candidate"": true}",[],,scope,for all three tranches,,,,O7,False,tranche,True,gold_target,,True,,Financial_Model:05_01,,Workings Cost Sheet!CM31
,"[""first"", ""second"", ""third""]",DERIVED_FROM_SUBJECT_PARENT_AND_MEMBER_RUN,"{""archived_authority_contains_target"": false, ""archived_packet_target"": false, ""relation_candidate"": true}",[],,scope,for all three tranches,,,,O7,False,tranche,True,gold_target,,True,,Financial_Model:05_01,,Workings Cost Sheet!CN29
,"[""first"", ""second"", ""third""]",DERIVED_FROM_SUBJECT_PARENT_AND_MEMBER_RUN,"{""archived_authority_contains_target"": false, ""archived_packet_target"": false, ""relation_candidate"": true}",[],,scope,for all three tranches,,,,O7,False,tranche,True,gold_target,,True,,Financial_Model:05_01,,Workings Cost Sheet!CN30
,"[""first"", ""second"", ""third""]",DERIVED_FROM_SUBJECT_PARENT_AND_MEMBER_RUN,"{""archived_authority_contains_target"": false, ""archived_packet_target"": false, ""relation_candidate"": true}",[],,scope,for all three tranches,,,,O7,False,tranche,True,gold_target,,True,,Financial_Model:05_01,,Workings Cost Sheet!CN31
,"[""first"", ""second"", ""third""]",DERIVED_FROM_SUBJECT_PARENT_AND_MEMBER_RUN,"{""archived_authority_contains_target"": false, ""archived_packet_target"": false, ""relation_candidate"": true}",[],,scope,for all three tranches,,,,O7,False,tranche,True,gold_target,,True,,Financial_Model:05_01,,Workings Cost Sheet!CO29
,"[""first"", ""second"", ""third""]",DERIVED_FROM_SUBJECT_PARENT_AND_MEMBER_RUN,"{""archived_authority_contains_target"": false, ""archived_packet_target"": false, ""relation_candidate"": true}",[],,scope,for all three tranches,,,,O7,False,tranche,True,gold_target,,True,,Financial_Model:05_01,,Workings Cost Sheet!CO30
,"[""first"", ""second"", ""third""]",DERIVED_FROM_SUBJECT_PARENT_AND_MEMBER_RUN,"{""archived_authority_contains_target"": false, ""archived_packet_target"": false, ""relation_candidate"": true}",[],,scope,for all three tranches,,,,O7,False,tranche,True,gold_target,,True,,Financial_Model:05_01,,Workings Cost Sheet!CO31
,"[""first"", ""second"", ""third""]",DERIVED_FROM_SUBJECT_PARENT_AND_MEMBER_RUN,"{""archived_authority_contains_target"": false, ""archived_packet_target"": false, ""relation_candidate"": true}",[],,scope,for all three tranches,,,,O7,False,tranche,True,gold_target,,True,,Financial_Model:05_01,,Workings Cost Sheet!CP29
,"[""first"", ""second"", ""third""]",DERIVED_FROM_SUBJECT_PARENT_AND_MEMBER_RUN,"{""archived_authority_contains_target"": false, ""archived_packet_target"": false, ""relation_candidate"": true}",[],,scope,for all three tranches,,,,O7,False,tranche,True,gold_target,,True,,Financial_Model:05_01,,Workings Cost Sheet!CP30
,"[""first"", ""second"", ""third""]",DERIVED_FROM_SUBJECT_PARENT_AND_MEMBER_RUN,"{""archived_authority_contains_target"": false, ""archived_packet_target"": false, ""relation_candidate"": true}",[],,scope,for all three tranches,,,,O7,False,tranche,True,gold_target,,True,,Financial_Model:05_01,,Workings Cost Sheet!CP31
,"[""first"", ""second"", ""third""]",DERIVED_FROM_SUBJECT_PARENT_AND_MEMBER_RUN,"{""archived_authority_contains_target"": false, ""archived_packet_target"": false, ""relation_candidate"": true}",[],,scope,for all three tranches,,,,O7,False,tranche,True,gold_target,,True,,Financial_Model:05_01,,Workings Cost Sheet!CQ29
,"[""first"", ""second"", ""third""]",DERIVED_FROM_SUBJECT_PARENT_AND_MEMBER_RUN,"{""archived_authority_contains_target"": false, ""archived_packet_target"": false, ""relation_candidate"": true}",[],,scope,for all three tranches,,,,O7,False,tranche,True,gold_target,,True,,Financial_Model:05_01,,Workings Cost Sheet!CQ30
,"[""first"", ""second"", ""third""]",DERIVED_FROM_SUBJECT_PARENT_AND_MEMBER_RUN,"{""archived_authority_contains_target"": false, ""archived_packet_target"": false, ""relation_candidate"": true}",[],,scope,for all three tranches,,,,O7,False,tranche,True,gold_target,,True,,Financial_Model:05_01,,Workings Cost Sheet!CQ31
,"[""first"", ""second"", ""third""]",DERIVED_FROM_SUBJECT_PARENT_AND_MEMBER_RUN,"{""archived_authority_contains_target"": false, ""archived_packet_target"": false, ""relation_candidate"": true}",[],,scope,for all three tranches,,,,O7,False,tranche,True,gold_target,,True,,Financial_Model:05_01,,Workings Cost Sheet!CR29
,"[""first"", ""second"", ""third""]",DERIVED_FROM_SUBJECT_PARENT_AND_MEMBER_RUN,"{""archived_authority_contains_target"": false, ""archived_packet_target"": false, ""relation_candidate"": true}",[],,scope,for all three tranches,,,,O7,False,tranche,True,gold_target,,True,,Financial_Model:05_01,,Workings Cost Sheet!CR30
,"[""first"", ""second"", ""third""]",DERIVED_FROM_SUBJECT_PARENT_AND_MEMBER_RUN,"{""archived_authority_contains_target"": false, ""archived_packet_target"": false, ""relation_candidate"": true}",[],,scope,for all three tranches,,,,O7,False,tranche,True,gold_target,,True,,Financial_Model:05_01,,Workings Cost Sheet!CR31
,"[""first"", ""second"", ""third""]",DERIVED_FROM_SUBJECT_PARENT_AND_MEMBER_RUN,"{""archived_authority_contains_target"": false, ""archived_packet_target"": false, ""relation_candidate"": true}",[],,scope,for all three tranches,,,,O7,False,tranche,True,gold_target,,True,,Financial_Model:05_01,,Workings Cost Sheet!CS29
,"[""first"", ""second"", ""third""]",DERIVED_FROM_SUBJECT_PARENT_AND_MEMBER_RUN,"{""archived_authority_contains_target"": false, ""archived_packet_target"": false, ""relation_candidate"": true}",[],,scope,for all three tranches,,,,O7,False,tranche,True,gold_target,,True,,Financial_Model:05_01,,Workings Cost Sheet!CS30
,"[""first"", ""second"", ""third""]",DERIVED_FROM_SUBJECT_PARENT_AND_MEMBER_RUN,"{""archived_authority_contains_target"": false, ""archived_packet_target"": false, ""relation_candidate"": true}",[],,scope,for all three tranches,,,,O7,False,tranche,True,gold_target,,True,,Financial_Model:05_01,,Workings Cost Sheet!CS31
,"[""first"", ""second"", ""third""]",DERIVED_FROM_SUBJECT_PARENT_AND_MEMBER_RUN,"{""archived_authority_contains_target"": false, ""archived_packet_target"": false, ""relation_candidate"": true}",[],,scope,for all three tranches,,,,O7,False,tranche,True,gold_target,,True,,Financial_Model:05_01,,Workings Cost Sheet!CT29
,"[""first"", ""second"", ""third""]",DERIVED_FROM_SUBJECT_PARENT_AND_MEMBER_RUN,"{""archived_authority_contains_target"": false, ""archived_packet_target"": false, ""relation_candidate"": true}",[],,scope,for all three tranches,,,,O7,False,tranche,True,gold_target,,True,,Financial_Model:05_01,,Workings Cost Sheet!CT30
,"[""first"", ""second"", ""third""]",DERIVED_FROM_SUBJECT_PARENT_AND_MEMBER_RUN,"{""archived_authority_contains_target"": false, ""archived_packet_target"": false, ""relation_candidate"": true}",[],,scope,for all three tranches,,,,O7,False,tranche,True,gold_target,,True,,Financial_Model:05_01,,Workings Cost Sheet!CT31
,"[""first"", ""second"", ""third""]",DERIVED_FROM_SUBJECT_PARENT_AND_MEMBER_RUN,"{""archived_authority_contains_target"": false, ""archived_packet_target"": false, ""relation_candidate"": true}",[],,scope,for all three tranches,,,,O7,False,tranche,True,gold_target,,True,,Financial_Model:05_01,,Workings Cost Sheet!CU29
,"[""first"", ""second"", ""third""]",DERIVED_FROM_SUBJECT_PARENT_AND_MEMBER_RUN,"{""archived_authority_contains_target"": false, ""archived_packet_target"": false, ""relation_candidate"": true}",[],,scope,for all three tranches,,,,O7,False,tranche,True,gold_target,,True,,Financial_Model:05_01,,Workings Cost Sheet!CU30
,"[""first"", ""second"", ""third""]",DERIVED_FROM_SUBJECT_PARENT_AND_MEMBER_RUN,"{""archived_authority_contains_target"": false, ""archived_packet_target"": false, ""relation_candidate"": true}",[],,scope,for all three tranches,,,,O7,False,tranche,True,gold_target,,True,,Financial_Model:05_01,,Workings Cost Sheet!CU31
,"[""first"", ""second"", ""third""]",DERIVED_FROM_SUBJECT_PARENT_AND_MEMBER_RUN,"{""archived_authority_contains_target"": false, ""archived_packet_target"": false, ""relation_candidate"": true}",[],,scope,for all three tranches,,,,O7,False,tranche,True,gold_target,,True,,Financial_Model:05_01,,Workings Cost Sheet!CV29
,"[""first"", ""second"", ""third""]",DERIVED_FROM_SUBJECT_PARENT_AND_MEMBER_RUN,"{""archived_authority_contains_target"": false, ""archived_packet_target"": false, ""relation_candidate"": true}",[],,scope,for all three tranches,,,,O7,False,tranche,True,gold_target,,True,,Financial_Model:05_01,,Workings Cost Sheet!CV30
,"[""first"", ""second"", ""third""]",DERIVED_FROM_SUBJECT_PARENT_AND_MEMBER_RUN,"{""archived_authority_contains_target"": false, ""archived_packet_target"": false, ""relation_candidate"": true}",[],,scope,for all three tranches,,,,O7,False,tranche,True,gold_target,,True,,Financial_Model:05_01,,Workings Cost Sheet!CV31
,"[""first"", ""second"", ""third""]",DERIVED_FROM_SUBJECT_PARENT_AND_MEMBER_RUN,"{""archived_authority_contains_target"": false, ""archived_packet_target"": false, ""relation_candidate"": true}",[],,scope,for all three tranches,,,,O7,False,tranche,True,gold_target,,True,,Financial_Model:05_01,,Workings Cost Sheet!CW29
,"[""first"", ""second"", ""third""]",DERIVED_FROM_SUBJECT_PARENT_AND_MEMBER_RUN,"{""archived_authority_contains_target"": false, ""archived_packet_target"": false, ""relation_candidate"": true}",[],,scope,for all three tranches,,,,O7,False,tranche,True,gold_target,,True,,Financial_Model:05_01,,Workings Cost Sheet!CW30
,"[""first"", ""second"", ""third""]",DERIVED_FROM_SUBJECT_PARENT_AND_MEMBER_RUN,"{""archived_authority_contains_target"": false, ""archived_packet_target"": false, ""relation_candidate"": true}",[],,scope,for all three tranches,,,,O7,False,tranche,True,gold_target,,True,,Financial_Model:05_01,,Workings Cost Sheet!CW31
,"[""first"", ""second"", ""third""]",DERIVED_FROM_SUBJECT_PARENT_AND_MEMBER_RUN,"{""archived_authority_contains_target"": false, ""archived_packet_target"": false, ""relation_candidate"": true}",[],,scope,for all three tranches,,,,O7,False,tranche,True,gold_target,,True,,Financial_Model:05_01,,Workings Cost Sheet!CX29
,"[""first"", ""second"", ""third""]",DERIVED_FROM_SUBJECT_PARENT_AND_MEMBER_RUN,"{""archived_authority_contains_target"": false, ""archived_packet_target"": false, ""relation_candidate"": true}",[],,scope,for all three tranches,,,,O7,False,tranche,True,gold_target,,True,,Financial_Model:05_01,,Workings Cost Sheet!CX30
,"[""first"", ""second"", ""third""]",DERIVED_FROM_SUBJECT_PARENT_AND_MEMBER_RUN,"{""archived_authority_contains_target"": false, ""archived_packet_target"": false, ""relation_candidate"": true}",[],,scope,for all three tranches,,,,O7,False,tranche,True,gold_target,,True,,Financial_Model:05_01,,Workings Cost Sheet!CX31
,"[""first"", ""second"", ""third""]",DERIVED_FROM_SUBJECT_PARENT_AND_MEMBER_RUN,"{""archived_authority_contains_target"": false, ""archived_packet_target"": false, ""relation_candidate"": true}",[],,scope,for all three tranches,,,,O7,False,tranche,True,gold_target,,True,,Financial_Model:05_01,,Workings Cost Sheet!CY29
,"[""first"", ""second"", ""third""]",DERIVED_FROM_SUBJECT_PARENT_AND_MEMBER_RUN,"{""archived_authority_contains_target"": false, ""archived_packet_target"": false, ""relation_candidate"": true}",[],,scope,for all three tranches,,,,O7,False,tranche,True,gold_target,,True,,Financial_Model:05_01,,Workings Cost Sheet!CY30
,"[""first"", ""second"", ""third""]",DERIVED_FROM_SUBJECT_PARENT_AND_MEMBER_RUN,"{""archived_authority_contains_target"": false, ""archived_packet_target"": false, ""relation_candidate"": true}",[],,scope,for all three tranches,,,,O7,False,tranche,True,gold_target,,True,,Financial_Model:05_01,,Workings Cost Sheet!CY31
,"[""first"", ""second"", ""third""]",DERIVED_FROM_SUBJECT_PARENT_AND_MEMBER_RUN,"{""archived_authority_contains_target"": false, ""archived_packet_target"": false, ""relation_candidate"": true}",[],,scope,for all three tranches,,,,O7,False,tranche,True,gold_target,,True,,Financial_Model:05_01,,Workings Cost Sheet!CZ29
,"[""first"", ""second"", ""third""]",DERIVED_FROM_SUBJECT_PARENT_AND_MEMBER_RUN,"{""archived_authority_contains_target"": false, ""archived_packet_target"": false, ""relation_candidate"": true}",[],,scope,for all three tranches,,,,O7,False,tranche,True,gold_target,,True,,Financial_Model:05_01,,Workings Cost Sheet!CZ30
,"[""first"", ""second"", ""third""]",DERIVED_FROM_SUBJECT_PARENT_AND_MEMBER_RUN,"{""archived_authority_contains_target"": false, ""archived_packet_target"": false, ""relation_candidate"": true}",[],,scope,for all three tranches,,,,O7,False,tranche,True,gold_target,,True,,Financial_Model:05_01,,Workings Cost Sheet!CZ31
,"[""first"", ""second"", ""third""]",DERIVED_FROM_SUBJECT_PARENT_AND_MEMBER_RUN,"{""archived_authority_contains_target"": false, ""archived_packet_target"": false, ""relation_candidate"": true}",[],,scope,for all three tranches,,,,O7,False,tranche,True,gold_target,,True,,Financial_Model:05_01,,Workings Cost Sheet!DA29
,"[""first"", ""second"", ""third""]",DERIVED_FROM_SUBJECT_PARENT_AND_MEMBER_RUN,"{""archived_authority_contains_target"": false, ""archived_packet_target"": false, ""relation_candidate"": true}",[],,scope,for all three tranches,,,,O7,False,tranche,True,gold_target,,True,,Financial_Model:05_01,,Workings Cost Sheet!DA30
,"[""first"", ""second"", ""third""]",DERIVED_FROM_SUBJECT_PARENT_AND_MEMBER_RUN,"{""archived_authority_contains_target"": false, ""archived_packet_target"": false, ""relation_candidate"": true}",[],,scope,for all three tranches,,,,O7,False,tranche,True,gold_target,,True,,Financial_Model:05_01,,Workings Cost Sheet!DA31
,"[""first"", ""second"", ""third""]",DERIVED_FROM_SUBJECT_PARENT_AND_MEMBER_RUN,"{""archived_authority_contains_target"": false, ""archived_packet_target"": false, ""relation_candidate"": true}",[],,scope,for all three tranches,,,,O7,False,tranche,True,gold_target,,True,,Financial_Model:05_01,,Workings Cost Sheet!DB29
,"[""first"", ""second"", ""third""]",DERIVED_FROM_SUBJECT_PARENT_AND_MEMBER_RUN,"{""archived_authority_contains_target"": false, ""archived_packet_target"": false, ""relation_candidate"": true}",[],,scope,for all three tranches,,,,O7,False,tranche,True,gold_target,,True,,Financial_Model:05_01,,Workings Cost Sheet!DB30
,"[""first"", ""second"", ""third""]",DERIVED_FROM_SUBJECT_PARENT_AND_MEMBER_RUN,"{""archived_authority_contains_target"": false, ""archived_packet_target"": false, ""relation_candidate"": true}",[],,scope,for all three tranches,,,,O7,False,tranche,True,gold_target,,True,,Financial_Model:05_01,,Workings Cost Sheet!DB31
,"[""first"", ""second"", ""third""]",DERIVED_FROM_SUBJECT_PARENT_AND_MEMBER_RUN,"{""archived_authority_contains_target"": false, ""archived_packet_target"": false, ""relation_candidate"": true}",[],,scope,for all three tranches,,,,O7,False,tranche,True,gold_target,,True,,Financial_Model:05_01,,Workings Cost Sheet!DC29
,"[""first"", ""second"", ""third""]",DERIVED_FROM_SUBJECT_PARENT_AND_MEMBER_RUN,"{""archived_authority_contains_target"": false, ""archived_packet_target"": false, ""relation_candidate"": true}",[],,scope,for all three tranches,,,,O7,False,tranche,True,gold_target,,True,,Financial_Model:05_01,,Workings Cost Sheet!DC30
,"[""first"", ""second"", ""third""]",DERIVED_FROM_SUBJECT_PARENT_AND_MEMBER_RUN,"{""archived_authority_contains_target"": false, ""archived_packet_target"": false, ""relation_candidate"": true}",[],,scope,for all three tranches,,,,O7,False,tranche,True,gold_target,,True,,Financial_Model:05_01,,Workings Cost Sheet!DC31
,"[""first"", ""second"", ""third""]",DERIVED_FROM_SUBJECT_PARENT_AND_MEMBER_RUN,"{""archived_authority_contains_target"": false, ""archived_packet_target"": false, ""relation_candidate"": true}",[],,scope,for all three tranches,,,,O7,False,tranche,True,gold_target,,True,,Financial_Model:05_01,,Workings Cost Sheet!DD29
,"[""first"", ""second"", ""third""]",DERIVED_FROM_SUBJECT_PARENT_AND_MEMBER_RUN,"{""archived_authority_contains_target"": false, ""archived_packet_target"": false, ""relation_candidate"": true}",[],,scope,for all three tranches,,,,O7,False,tranche,True,gold_target,,True,,Financial_Model:05_01,,Workings Cost Sheet!DD30
,"[""first"", ""second"", ""third""]",DERIVED_FROM_SUBJECT_PARENT_AND_MEMBER_RUN,"{""archived_authority_contains_target"": false, ""archived_packet_target"": false, ""relation_candidate"": true}",[],,scope,for all three tranches,,,,O7,False,tranche,True,gold_target,,True,,Financial_Model:05_01,,Workings Cost Sheet!DD31
,"[""first"", ""second"", ""third""]",DERIVED_FROM_SUBJECT_PARENT_AND_MEMBER_RUN,"{""archived_authority_contains_target"": false, ""archived_packet_target"": false, ""relation_candidate"": true}",[],,scope,for all three tranches,,,,O7,False,tranche,True,gold_target,,True,,Financial_Model:05_01,,Workings Cost Sheet!DE29
,"[""first"", ""second"", ""third""]",DERIVED_FROM_SUBJECT_PARENT_AND_MEMBER_RUN,"{""archived_authority_contains_target"": false, ""archived_packet_target"": false, ""relation_candidate"": true}",[],,scope,for all three tranches,,,,O7,False,tranche,True,gold_target,,True,,Financial_Model:05_01,,Workings Cost Sheet!DE30
,"[""first"", ""second"", ""third""]",DERIVED_FROM_SUBJECT_PARENT_AND_MEMBER_RUN,"{""archived_authority_contains_target"": false, ""archived_packet_target"": false, ""relation_candidate"": true}",[],,scope,for all three tranches,,,,O7,False,tranche,True,gold_target,,True,,Financial_Model:05_01,,Workings Cost Sheet!DE31
,"[""first"", ""second"", ""third""]",DERIVED_FROM_SUBJECT_PARENT_AND_MEMBER_RUN,"{""archived_authority_contains_target"": false, ""archived_packet_target"": false, ""relation_candidate"": true}",[],,scope,for all three tranches,,,,O7,False,tranche,True,gold_target,,True,,Financial_Model:05_01,,Workings Cost Sheet!DF29
,"[""first"", ""second"", ""third""]",DERIVED_FROM_SUBJECT_PARENT_AND_MEMBER_RUN,"{""archived_authority_contains_target"": false, ""archived_packet_target"": false, ""relation_candidate"": true}",[],,scope,for all three tranches,,,,O7,False,tranche,True,gold_target,,True,,Financial_Model:05_01,,Workings Cost Sheet!DF30
,"[""first"", ""second"", ""third""]",DERIVED_FROM_SUBJECT_PARENT_AND_MEMBER_RUN,"{""archived_authority_contains_target"": false, ""archived_packet_target"": false, ""relation_candidate"": true}",[],,scope,for all three tranches,,,,O7,False,tranche,True,gold_target,,True,,Financial_Model:05_01,,Workings Cost Sheet!DF31
,"[""first"", ""second"", ""third""]",DERIVED_FROM_SUBJECT_PARENT_AND_MEMBER_RUN,"{""archived_authority_contains_target"": false, ""archived_packet_target"": false, ""relation_candidate"": true}",[],,scope,for all three tranches,,,,O7,False,tranche,True,gold_target,,True,,Financial_Model:05_01,,Workings Cost Sheet!DG29
,"[""first"", ""second"", ""third""]",DERIVED_FROM_SUBJECT_PARENT_AND_MEMBER_RUN,"{""archived_authority_contains_target"": false, ""archived_packet_target"": false, ""relation_candidate"": true}",[],,scope,for all three tranches,,,,O7,False,tranche,True,gold_target,,True,,Financial_Model:05_01,,Workings Cost Sheet!DG30
,"[""first"", ""second"", ""third""]",DERIVED_FROM_SUBJECT_PARENT_AND_MEMBER_RUN,"{""archived_authority_contains_target"": false, ""archived_packet_target"": false, ""relation_candidate"": true}",[],,scope,for all three tranches,,,,O7,False,tranche,True,gold_target,,True,,Financial_Model:05_01,,Workings Cost Sheet!DG31
,"[""first"", ""second"", ""third""]",DERIVED_FROM_SUBJECT_PARENT_AND_MEMBER_RUN,"{""archived_authority_contains_target"": false, ""archived_packet_target"": false, ""relation_candidate"": true}",[],,scope,for all three tranches,,,,O7,False,tranche,True,gold_target,,True,,Financial_Model:05_01,,Workings Cost Sheet!DH29
,"[""first"", ""second"", ""third""]",DERIVED_FROM_SUBJECT_PARENT_AND_MEMBER_RUN,"{""archived_authority_contains_target"": false, ""archived_packet_target"": false, ""relation_candidate"": true}",[],,scope,for all three tranches,,,,O7,False,tranche,True,gold_target,,True,,Financial_Model:05_01,,Workings Cost Sheet!DH30
,"[""first"", ""second"", ""third""]",DERIVED_FROM_SUBJECT_PARENT_AND_MEMBER_RUN,"{""archived_authority_contains_target"": false, ""archived_packet_target"": false, ""relation_candidate"": true}",[],,scope,for all three tranches,,,,O7,False,tranche,True,gold_target,,True,,Financial_Model:05_01,,Workings Cost Sheet!DH31
,"[""first"", ""second"", ""third""]",DERIVED_FROM_SUBJECT_PARENT_AND_MEMBER_RUN,"{""archived_authority_contains_target"": false, ""archived_packet_target"": false, ""relation_candidate"": true}",[],,scope,for all three tranches,,,,O7,False,tranche,True,gold_target,,True,,Financial_Model:05_01,,Workings Cost Sheet!DI29
,"[""first"", ""second"", ""third""]",DERIVED_FROM_SUBJECT_PARENT_AND_MEMBER_RUN,"{""archived_authority_contains_target"": false, ""archived_packet_target"": false, ""relation_candidate"": true}",[],,scope,for all three tranches,,,,O7,False,tranche,True,gold_target,,True,,Financial_Model:05_01,,Workings Cost Sheet!DI30
,"[""first"", ""second"", ""third""]",DERIVED_FROM_SUBJECT_PARENT_AND_MEMBER_RUN,"{""archived_authority_contains_target"": false, ""archived_packet_target"": false, ""relation_candidate"": true}",[],,scope,for all three tranches,,,,O7,False,tranche,True,gold_target,,True,,Financial_Model:05_01,,Workings Cost Sheet!DI31
,"[""first"", ""second"", ""third""]",DERIVED_FROM_SUBJECT_PARENT_AND_MEMBER_RUN,"{""archived_authority_contains_target"": false, ""archived_packet_target"": false, ""relation_candidate"": true}",[],,scope,for all three tranches,,,,O7,False,tranche,True,gold_target,,True,,Financial_Model:05_01,,Workings Cost Sheet!O29
,"[""first"", ""second"", ""third""]",DERIVED_FROM_SUBJECT_PARENT_AND_MEMBER_RUN,"{""archived_authority_contains_target"": false, ""archived_packet_target"": false, ""relation_candidate"": true}",[],,scope,for all three tranches,,,,O7,False,tranche,True,gold_target,,True,,Financial_Model:05_01,,Workings Cost Sheet!O30
,"[""first"", ""second"", ""third""]",DERIVED_FROM_SUBJECT_PARENT_AND_MEMBER_RUN,"{""archived_authority_contains_target"": false, ""archived_packet_target"": false, ""relation_candidate"": true}",[],,scope,for all three tranches,,,,O7,False,tranche,True,gold_target,,True,,Financial_Model:05_01,,Workings Cost Sheet!O31
,"[""first"", ""second"", ""third""]",DERIVED_FROM_SUBJECT_PARENT_AND_MEMBER_RUN,"{""archived_authority_contains_target"": false, ""archived_packet_target"": false, ""relation_candidate"": true}",[],,scope,for all three tranches,,,,O7,False,tranche,True,gold_target,,True,,Financial_Model:05_01,,Workings Cost Sheet!P29
,"[""first"", ""second"", ""third""]",DERIVED_FROM_SUBJECT_PARENT_AND_MEMBER_RUN,"{""archived_authority_contains_target"": false, ""archived_packet_target"": false, ""relation_candidate"": true}",[],,scope,for all three tranches,,,,O7,False,tranche,True,gold_target,,True,,Financial_Model:05_01,,Workings Cost Sheet!P30
,"[""first"", ""second"", ""third""]",DERIVED_FROM_SUBJECT_PARENT_AND_MEMBER_RUN,"{""archived_authority_contains_target"": false, ""archived_packet_target"": false, ""relation_candidate"": true}",[],,scope,for all three tranches,,,,O7,False,tranche,True,gold_target,,True,,Financial_Model:05_01,,Workings Cost Sheet!P31
,"[""first"", ""second"", ""third""]",DERIVED_FROM_SUBJECT_PARENT_AND_MEMBER_RUN,"{""archived_authority_contains_target"": false, ""archived_packet_target"": false, ""relation_candidate"": true}",[],,scope,for all three tranches,,,,O7,False,tranche,True,gold_target,,True,,Financial_Model:05_01,,Workings Cost Sheet!Q29
,"[""first"", ""second"", ""third""]",DERIVED_FROM_SUBJECT_PARENT_AND_MEMBER_RUN,"{""archived_authority_contains_target"": false, ""archived_packet_target"": false, ""relation_candidate"": true}",[],,scope,for all three tranches,,,,O7,False,tranche,True,gold_target,,True,,Financial_Model:05_01,,Workings Cost Sheet!Q30
,"[""first"", ""second"", ""third""]",DERIVED_FROM_SUBJECT_PARENT_AND_MEMBER_RUN,"{""archived_authority_contains_target"": false, ""archived_packet_target"": false, ""relation_candidate"": true}",[],,scope,for all three tranches,,,,O7,False,tranche,True,gold_target,,True,,Financial_Model:05_01,,Workings Cost Sheet!Q31
,"[""first"", ""second"", ""third""]",DERIVED_FROM_SUBJECT_PARENT_AND_MEMBER_RUN,"{""archived_authority_contains_target"": false, ""archived_packet_target"": false, ""relation_candidate"": true}",[],,scope,for all three tranches,,,,O7,False,tranche,True,gold_target,,True,,Financial_Model:05_01,,Workings Cost Sheet!R29
,"[""first"", ""second"", ""third""]",DERIVED_FROM_SUBJECT_PARENT_AND_MEMBER_RUN,"{""archived_authority_contains_target"": false, ""archived_packet_target"": false, ""relation_candidate"": true}",[],,scope,for all three tranches,,,,O7,False,tranche,True,gold_target,,True,,Financial_Model:05_01,,Workings Cost Sheet!R30
,"[""first"", ""second"", ""third""]",DERIVED_FROM_SUBJECT_PARENT_AND_MEMBER_RUN,"{""archived_authority_contains_target"": false, ""archived_packet_target"": false, ""relation_candidate"": true}",[],,scope,for all three tranches,,,,O7,False,tranche,True,gold_target,,True,,Financial_Model:05_01,,Workings Cost Sheet!R31
,"[""first"", ""second"", ""third""]",DERIVED_FROM_SUBJECT_PARENT_AND_MEMBER_RUN,"{""archived_authority_contains_target"": false, ""archived_packet_target"": false, ""relation_candidate"": true}",[],,scope,for all three tranches,,,,O7,False,tranche,True,gold_target,,True,,Financial_Model:05_01,,Workings Cost Sheet!S29
,"[""first"", ""second"", ""third""]",DERIVED_FROM_SUBJECT_PARENT_AND_MEMBER_RUN,"{""archived_authority_contains_target"": false, ""archived_packet_target"": false, ""relation_candidate"": true}",[],,scope,for all three tranches,,,,O7,False,tranche,True,gold_target,,True,,Financial_Model:05_01,,Workings Cost Sheet!S30
,"[""first"", ""second"", ""third""]",DERIVED_FROM_SUBJECT_PARENT_AND_MEMBER_RUN,"{""archived_authority_contains_target"": false, ""archived_packet_target"": false, ""relation_candidate"": true}",[],,scope,for all three tranches,,,,O7,False,tranche,True,gold_target,,True,,Financial_Model:05_01,,Workings Cost Sheet!S31
,"[""first"", ""second"", ""third""]",DERIVED_FROM_SUBJECT_PARENT_AND_MEMBER_RUN,"{""archived_authority_contains_target"": false, ""archived_packet_target"": false, ""relation_candidate"": true}",[],,scope,for all three tranches,,,,O7,False,tranche,True,gold_target,,True,,Financial_Model:05_01,,Workings Cost Sheet!T29
,"[""first"", ""second"", ""third""]",DERIVED_FROM_SUBJECT_PARENT_AND_MEMBER_RUN,"{""archived_authority_contains_target"": false, ""archived_packet_target"": false, ""relation_candidate"": true}",[],,scope,for all three tranches,,,,O7,False,tranche,True,gold_target,,True,,Financial_Model:05_01,,Workings Cost Sheet!T30
,"[""first"", ""second"", ""third""]",DERIVED_FROM_SUBJECT_PARENT_AND_MEMBER_RUN,"{""archived_authority_contains_target"": false, ""archived_packet_target"": false, ""relation_candidate"": true}",[],,scope,for all three tranches,,,,O7,False,tranche,True,gold_target,,True,,Financial_Model:05_01,,Workings Cost Sheet!T31
,"[""first"", ""second"", ""third""]",DERIVED_FROM_SUBJECT_PARENT_AND_MEMBER_RUN,"{""archived_authority_contains_target"": false, ""archived_packet_target"": false, ""relation_candidate"": true}",[],,scope,for all three tranches,,,,O7,False,tranche,True,gold_target,,True,,Financial_Model:05_01,,Workings Cost Sheet!U29
,"[""first"", ""second"", ""third""]",DERIVED_FROM_SUBJECT_PARENT_AND_MEMBER_RUN,"{""archived_authority_contains_target"": false, ""archived_packet_target"": false, ""relation_candidate"": true}",[],,scope,for all three tranches,,,,O7,False,tranche,True,gold_target,,True,,Financial_Model:05_01,,Workings Cost Sheet!U30
,"[""first"", ""second"", ""third""]",DERIVED_FROM_SUBJECT_PARENT_AND_MEMBER_RUN,"{""archived_authority_contains_target"": false, ""archived_packet_target"": false, ""relation_candidate"": true}",[],,scope,for all three tranches,,,,O7,False,tranche,True,gold_target,,True,,Financial_Model:05_01,,Workings Cost Sheet!U31
,"[""first"", ""second"", ""third""]",DERIVED_FROM_SUBJECT_PARENT_AND_MEMBER_RUN,"{""archived_authority_contains_target"": false, ""archived_packet_target"": false, ""relation_candidate"": true}",[],,scope,for all three tranches,,,,O7,False,tranche,True,gold_target,,True,,Financial_Model:05_01,,Workings Cost Sheet!V29
,"[""first"", ""second"", ""third""]",DERIVED_FROM_SUBJECT_PARENT_AND_MEMBER_RUN,"{""archived_authority_contains_target"": false, ""archived_packet_target"": false, ""relation_candidate"": true}",[],,scope,for all three tranches,,,,O7,False,tranche,True,gold_target,,True,,Financial_Model:05_01,,Workings Cost Sheet!V30
,"[""first"", ""second"", ""third""]",DERIVED_FROM_SUBJECT_PARENT_AND_MEMBER_RUN,"{""archived_authority_contains_target"": false, ""archived_packet_target"": false, ""relation_candidate"": true}",[],,scope,for all three tranches,,,,O7,False,tranche,True,gold_target,,True,,Financial_Model:05_01,,Workings Cost Sheet!V31
,"[""first"", ""second"", ""third""]",DERIVED_FROM_SUBJECT_PARENT_AND_MEMBER_RUN,"{""archived_authority_contains_target"": false, ""archived_packet_target"": false, ""relation_candidate"": true}",[],,scope,for all three tranches,,,,O7,False,tranche,True,gold_target,,True,,Financial_Model:05_01,,Workings Cost Sheet!W29
,"[""first"", ""second"", ""third""]",DERIVED_FROM_SUBJECT_PARENT_AND_MEMBER_RUN,"{""archived_authority_contains_target"": false, ""archived_packet_target"": false, ""relation_candidate"": true}",[],,scope,for all three tranches,,,,O7,False,tranche,True,gold_target,,True,,Financial_Model:05_01,,Workings Cost Sheet!W30
,"[""first"", ""second"", ""third""]",DERIVED_FROM_SUBJECT_PARENT_AND_MEMBER_RUN,"{""archived_authority_contains_target"": false, ""archived_packet_target"": false, ""relation_candidate"": true}",[],,scope,for all three tranches,,,,O7,False,tranche,True,gold_target,,True,,Financial_Model:05_01,,Workings Cost Sheet!W31
,"[""first"", ""second"", ""third""]",DERIVED_FROM_SUBJECT_PARENT_AND_MEMBER_RUN,"{""archived_authority_contains_target"": false, ""archived_packet_target"": false, ""relation_candidate"": true}",[],,scope,for all three tranches,,,,O7,False,tranche,True,gold_target,,True,,Financial_Model:05_01,,Workings Cost Sheet!X29
,"[""first"", ""second"", ""third""]",DERIVED_FROM_SUBJECT_PARENT_AND_MEMBER_RUN,"{""archived_authority_contains_target"": false, ""archived_packet_target"": false, ""relation_candidate"": true}",[],,scope,for all three tranches,,,,O7,False,tranche,True,gold_target,,True,,Financial_Model:05_01,,Workings Cost Sheet!X30
,"[""first"", ""second"", ""third""]",DERIVED_FROM_SUBJECT_PARENT_AND_MEMBER_RUN,"{""archived_authority_contains_target"": false, ""archived_packet_target"": false, ""relation_candidate"": true}",[],,scope,for all three tranches,,,,O7,False,tranche,True,gold_target,,True,,Financial_Model:05_01,,Workings Cost Sheet!X31
,"[""first"", ""second"", ""third""]",DERIVED_FROM_SUBJECT_PARENT_AND_MEMBER_RUN,"{""archived_authority_contains_target"": false, ""archived_packet_target"": false, ""relation_candidate"": true}",[],,scope,for all three tranches,,,,O7,False,tranche,True,gold_target,,True,,Financial_Model:05_01,,Workings Cost Sheet!Y29
,"[""first"", ""second"", ""third""]",DERIVED_FROM_SUBJECT_PARENT_AND_MEMBER_RUN,"{""archived_authority_contains_target"": false, ""archived_packet_target"": false, ""relation_candidate"": true}",[],,scope,for all three tranches,,,,O7,False,tranche,True,gold_target,,True,,Financial_Model:05_01,,Workings Cost Sheet!Y30
,"[""first"", ""second"", ""third""]",DERIVED_FROM_SUBJECT_PARENT_AND_MEMBER_RUN,"{""archived_authority_contains_target"": false, ""archived_packet_target"": false, ""relation_candidate"": true}",[],,scope,for all three tranches,,,,O7,False,tranche,True,gold_target,,True,,Financial_Model:05_01,,Workings Cost Sheet!Y31
,"[""first"", ""second"", ""third""]",DERIVED_FROM_SUBJECT_PARENT_AND_MEMBER_RUN,"{""archived_authority_contains_target"": false, ""archived_packet_target"": false, ""relation_candidate"": true}",[],,scope,for all three tranches,,,,O7,False,tranche,True,gold_target,,True,,Financial_Model:05_01,,Workings Cost Sheet!Z29
,"[""first"", ""second"", ""third""]",DERIVED_FROM_SUBJECT_PARENT_AND_MEMBER_RUN,"{""archived_authority_contains_target"": false, ""archived_packet_target"": false, ""relation_candidate"": true}",[],,scope,for all three tranches,,,,O7,False,tranche,True,gold_target,,True,,Financial_Model:05_01,,Workings Cost Sheet!Z30
,"[""first"", ""second"", ""third""]",DERIVED_FROM_SUBJECT_PARENT_AND_MEMBER_RUN,"{""archived_authority_contains_target"": false, ""archived_packet_target"": false, ""relation_candidate"": true}",[],,scope,for all three tranches,,,,O7,False,tranche,True,gold_target,,True,,Financial_Model:05_01,,Workings Cost Sheet!Z31
,"[""first"", ""second"", ""third""]",DERIVED_FROM_SUBJECT_PARENT_AND_MEMBER_RUN,"{""archived_authority_count"": 99, ""archived_authority_gold_overlap"": 0, ""metrics"": {""excluded_member_false_positives"": 0, ""gold_candidate_intersection"": 297, ""gold_target_block_recall"": 1.0, ""included_member_precision"": 1.0, ""lexical_shadow_hits"": 14, ""member_recall"": 1.0, ""member_restriction_survivors"": 12, ""repeated_block_occurrence_precision"": 1.0, ""repeated_occurrence_identity_preserved"": true, ""role_filtered_survivors"": 3, ""wrong_locus_shadow_hits_rejected"": 2}}",[],,scope,for all three tranches,,,,O7,,tranche,12,case_summary,,3,Workings Cost Sheet,Financial_Model:05_01,,
G15,"[""second"", ""third""]",UNRESOLVED_OUTPUT_ROLE,text anchor in compiled spine; provenance retained as scope,"[""first""]",excluded_member,scope,for second and third tranches,True,"[""token_prefix""]",first,O6,False,tranche,False,occurrence,"{""member_run_columns"": [7, 7], ""member_run_extent"": [15, 17], ""orientation"": ""vertical"", ""parent_context_anchor"": null, ""run_id"": ""sheet:s00:vertical:G15:G16:G17""}",False,Dashboard,Financial_Model:05_01,First Tranche (Under construction in Tier 2 cities),cell:s00:r15:c7
G16,"[""second"", ""third""]",UNRESOLVED_OUTPUT_ROLE,text anchor in compiled spine; provenance retained as scope,"[""first""]",,scope,for second and third tranches,False,[],second,O6,True,tranche,True,occurrence,"{""member_run_columns"": [7, 7], ""member_run_extent"": [15, 17], ""orientation"": ""vertical"", ""parent_context_anchor"": null, ""run_id"": ""sheet:s00:vertical:G15:G16:G17""}",False,Dashboard,Financial_Model:05_01,Second Tranche,cell:s00:r16:c7
G17,"[""second"", ""third""]",UNRESOLVED_OUTPUT_ROLE,text anchor in compiled spine; provenance retained as scope,"[""first""]",,scope,for second and third tranches,False,[],third,O6,True,tranche,True,occurrence,"{""member_run_columns"": [7, 7], ""member_run_extent"": [15, 17], ""orientation"": ""vertical"", ""parent_context_anchor"": null, ""run_id"": ""sheet:s00:vertical:G15:G16:G17""}",False,Dashboard,Financial_Model:05_01,Third Tranche,cell:s00:r17:c7
D22,"[""second"", ""third""]",UNRESOLVED_OUTPUT_ROLE,text anchor in compiled spine; provenance retained as scope,"[""first""]",excluded_member,scope,for second and third tranches,True,"[""token_prefix""]",first,O6,True,tranche,False,occurrence,"{""member_run_columns"": [4, 8], ""member_run_extent"": [22, 22], ""orientation"": ""horizontal"", ""parent_context_anchor"": null, ""run_id"": ""sheet:s00:horizontal:D22:F22:H22""}",False,Dashboard,Financial_Model:05_01,First Tranche,cell:s00:r22:c4
F22,"[""second"", ""third""]",UNRESOLVED_OUTPUT_ROLE,text anchor in compiled spine; provenance retained as scope,"[""first""]",,scope,for second and third tranches,False,[],second,O6,True,tranche,True,occurrence,"{""member_run_columns"": [4, 8], ""member_run_extent"": [22, 22], ""orientation"": ""horizontal"", ""parent_context_anchor"": null, ""run_id"": ""sheet:s00:horizontal:D22:F22:H22""}",False,Dashboard,Financial_Model:05_01,Second Tranche,cell:s00:r22:c6
H22,"[""second"", ""third""]",UNRESOLVED_OUTPUT_ROLE,text anchor in compiled spine; provenance retained as scope,"[""first""]",,scope,for second and third tranches,False,[],third,O6,True,tranche,True,occurrence,"{""member_run_columns"": [4, 8], ""member_run_extent"": [22, 22], ""orientation"": ""horizontal"", ""parent_context_anchor"": null, ""run_id"": ""sheet:s00:horizontal:D22:F22:H22""}",False,Dashboard,Financial_Model:05_01,Third Tranche,cell:s00:r22:c8
,"[""second"", ""third""]",UNRESOLVED_OUTPUT_ROLE,"{""archived_authority_contains_target"": false, ""archived_packet_target"": false, ""relation_candidate"": false}","[""first""]",missed_by_static_relation,scope,for second and third tranches,,,,O6,False,tranche,False,gold_target,,False,,Financial_Model:05_01,,Dashboard!G43
,"[""second"", ""third""]",UNRESOLVED_OUTPUT_ROLE,"{""archived_authority_contains_target"": false, ""archived_packet_target"": false, ""relation_candidate"": false}","[""first""]",missed_by_static_relation,scope,for second and third tranches,,,,O6,False,tranche,False,gold_target,,False,,Financial_Model:05_01,,Dashboard!G44
,"[""second"", ""third""]",UNRESOLVED_OUTPUT_ROLE,"{""archived_authority_contains_target"": false, ""archived_packet_target"": false, ""relation_candidate"": false}","[""first""]",missed_by_static_relation,scope,for second and third tranches,,,,O6,False,tranche,False,gold_target,,False,,Financial_Model:05_01,,Dashboard!G45
,"[""second"", ""third""]",UNRESOLVED_OUTPUT_ROLE,"{""archived_authority_contains_target"": false, ""archived_packet_target"": false, ""relation_candidate"": false}","[""first""]",missed_by_static_relation,scope,for second and third tranches,,,,O6,False,tranche,False,gold_target,,False,,Financial_Model:05_01,,Dashboard!I43
,"[""second"", ""third""]",UNRESOLVED_OUTPUT_ROLE,"{""archived_authority_contains_target"": false, ""archived_packet_target"": false, ""relation_candidate"": false}","[""first""]",missed_by_static_relation,scope,for second and third tranches,,,,O6,False,tranche,False,gold_target,,False,,Financial_Model:05_01,,Dashboard!I44
,"[""second"", ""third""]",UNRESOLVED_OUTPUT_ROLE,"{""archived_authority_count"": 0, ""archived_authority_gold_overlap"": 0, ""metrics"": {""excluded_member_false_positives"": 0, ""gold_candidate_intersection"": 0, ""gold_target_block_recall"": null, ""included_member_precision"": 1.0, ""lexical_shadow_hits"": 2, ""member_recall"": 1.0, ""member_restriction_survivors"": 4, ""repeated_block_occurrence_precision"": null, ""repeated_occurrence_identity_preserved"": true, ""role_filtered_survivors"": 0, ""wrong_locus_shadow_hits_rejected"": 0}}","[""first""]",,scope,for second and third tranches,,,,O6,,tranche,4,case_summary,,0,Dashboard,Financial_Model:05_01,,
B6,[],UNRESOLVED_LINE_ITEM_ROLE,text anchor in compiled spine; provenance retained as scope,[],wrong_locus_or_repeated_semantic_block,scope,for each Foundation Course line item,True,"[""substring"", ""token_prefix"", ""token_prefix""]",,O5,False,foundation course,False,occurrence,null,False,Revenue Drivers,Financial_Model:01_01,Foundation Course,cell:s08:r6:c2
B17,[],UNRESOLVED_LINE_ITEM_ROLE,text anchor in compiled spine; provenance retained as scope,[],wrong_locus_or_repeated_semantic_block,scope,for each Foundation Course line item,True,"[""token_prefix"", ""token_prefix""]",,O5,False,foundation course,False,occurrence,null,False,Revenue Drivers,Financial_Model:01_01,Total Revenue from Foundation Course Mature,cell:s08:r17:c2
B29,[],UNRESOLVED_LINE_ITEM_ROLE,text anchor in compiled spine; provenance retained as scope,[],wrong_locus_or_repeated_semantic_block,scope,for each Foundation Course line item,True,"[""token_prefix"", ""token_prefix""]",,O5,False,foundation course,False,occurrence,null,False,Revenue Drivers,Financial_Model:01_01,Total Revenue from Foundation Course Emerging,cell:s08:r29:c2
B41,[],UNRESOLVED_LINE_ITEM_ROLE,text anchor in compiled spine; provenance retained as scope,[],wrong_locus_or_repeated_semantic_block,scope,for each Foundation Course line item,True,"[""token_prefix"", ""token_prefix""]",,O5,False,foundation course,False,occurrence,null,False,Revenue Drivers,Financial_Model:01_01,Total Revenue from Foundation Course Lite,cell:s08:r41:c2
B43,[],UNRESOLVED_LINE_ITEM_ROLE,text anchor in compiled spine; provenance retained as scope,[],wrong_locus_or_repeated_semantic_block,scope,for each Foundation Course line item,True,"[""token_prefix"", ""token_prefix""]",,O5,False,foundation course,False,occurrence,null,False,Revenue Drivers,Financial_Model:01_01,Total Foundation Course Revenue,cell:s08:r43:c2
B141,[],UNRESOLVED_LINE_ITEM_ROLE,text anchor in compiled spine; provenance retained as scope,[],wrong_locus_or_repeated_semantic_block,scope,for each Foundation Course line item,True,"[""token_prefix"", ""token_prefix""]",,O5,False,foundation course,False,occurrence,null,False,Revenue Drivers,Financial_Model:01_01,Total Foundation Course Lite Branches,cell:s08:r141:c2
B6,[],UNRESOLVED_LINE_ITEM_ROLE,text anchor in compiled spine; provenance retained as scope,[],population_label_not_target_role,scope,for each Foundation Course line item,True,"[""substring"", ""token_prefix"", ""token_prefix""]",,O5,False,foundation course,True,occurrence,"{""member_run_columns"": null, ""member_run_extent"": null, ""orientation"": null, ""parent_context_anchor"": null, ""run_id"": null}",False,Cost Drivers,Financial_Model:01_01,Foundation Course,cell:s09:r6:c2
B23,[],UNRESOLVED_LINE_ITEM_ROLE,text anchor in compiled spine; provenance retained as scope,[],population_label_not_target_role,scope,for each Foundation Course line item,True,"[""token_prefix"", ""token_prefix""]",,O5,False,foundation course,True,occurrence,"{""member_run_columns"": null, ""member_run_extent"": null, ""orientation"": null, ""parent_context_anchor"": null, ""run_id"": null}",False,Cost Drivers,Financial_Model:01_01,Total Foundation Course Mature Expenses,cell:s09:r23:c2
B41,[],UNRESOLVED_LINE_ITEM_ROLE,text anchor in compiled spine; provenance retained as scope,[],population_label_not_target_role,scope,for each Foundation Course line item,True,"[""token_prefix"", ""token_prefix""]",,O5,False,foundation course,True,occurrence,"{""member_run_columns"": null, ""member_run_extent"": null, ""orientation"": null, ""parent_context_anchor"": null, ""run_id"": null}",False,Cost Drivers,Financial_Model:01_01,Total Foundation Course Emerging Expenses,cell:s09:r41:c2
B59,[],UNRESOLVED_LINE_ITEM_ROLE,text anchor in compiled spine; provenance retained as scope,[],population_label_not_target_role,scope,for each Foundation Course line item,True,"[""token_prefix"", ""token_prefix""]",,O5,False,foundation course,True,occurrence,"{""member_run_columns"": null, ""member_run_extent"": null, ""orientation"": null, ""parent_context_anchor"": null, ""run_id"": null}",False,Cost Drivers,Financial_Model:01_01,Total Foundation Course Lite Expenses,cell:s09:r59:c2
B61,[],UNRESOLVED_LINE_ITEM_ROLE,text anchor in compiled spine; provenance retained as scope,[],population_label_not_target_role,scope,for each Foundation Course line item,True,"[""token_prefix"", ""token_prefix""]",,O5,False,foundation course,True,occurrence,"{""member_run_columns"": null, ""member_run_extent"": null, ""orientation"": null, ""parent_context_anchor"": null, ""run_id"": null}",False,Cost Drivers,Financial_Model:01_01,Total Foundation Course Expenses,cell:s09:r61:c2
,[],UNRESOLVED_LINE_ITEM_ROLE,"{""archived_authority_count"": 0, ""archived_authority_gold_overlap"": 0, ""metrics"": {""excluded_member_false_positives"": 0, ""gold_candidate_intersection"": 0, ""gold_target_block_recall"": null, ""included_member_precision"": null, ""lexical_shadow_hits"": 11, ""member_recall"": null, ""member_restriction_survivors"": 5, ""repeated_block_occurrence_precision"": null, ""repeated_occurrence_identity_preserved"": true, ""role_filtered_survivors"": 0, ""wrong_locus_shadow_hits_rejected"": 6}}",[],,scope,for each Foundation Course line item,,,,O5,,foundation course,5,case_summary,,0,Cost Drivers,Financial_Model:01_01,,
